"","ID_no_Rep_dup","AIC_Bar","AIC_Bar_mult","AIC_Cub","AIC_Gom","AIC_Gom_mult","AIC_Log","AIC_OLS","AIC_Qua","BIC_Bar","BIC_Bar_mult","BIC_Cub","BIC_Gom","BIC_Gom_mult","BIC_Log","BIC_OLS","BIC_Qua","Best_model_AIC","Best_model_BIC"
"1","1_1",-73.9212628731024,3.29934387195446,-9.68992633798367,28.6083861600643,27.2765278696898,5.74141792853963,24.6082453330865,10.6564252234027,-68.6986506844853,8.52195606057157,-4.46731414936655,33.8309983486815,32.4991400583069,9.91950767943332,27.7418126462567,14.8345149742964,"AIC_Bar",""
"2","10_1",-23.5532084511722,23.2625967938979,22.7719727384897,37.7011518177024,23.3268241458762,21.5785652534972,39.4868907682686,27.4367794499998,-20.3579218030959,26.4578834419742,25.967259386566,40.8964384657786,26.5221107939525,24.1347945719582,41.4040627571144,29.9930087684608,"AIC_Bar",""
"3","100_1",-24.6802471993512,26.5559612751385,-16.640478407352,57.3195421091157,26.4188288687939,28.0662238673323,62.2242246903807,25.4821611044994,-19.0027761197054,32.2334323547842,-10.9630073277063,62.9970131887615,32.0962999484396,32.6082007310489,65.6307073381682,30.024137968216,"AIC_Bar",""
"4","101_1",-30.569632512508,4.8599502978048,26.6101320851944,18.7515519665109,4.33558885766307,4.11017280862157,46.5429586913491,33.7431869468065,-26.7066889013091,8.72289390900371,30.4730756963933,22.6144955777098,8.19853246886198,7.20052769758069,48.8607248580685,36.8335418357656,"AIC_Bar",""
"5","102_1",-58.222553484037,-24.7694414060142,37.2293597334108,-1.87757179341035,-30.3326234431712,-0.527516392618805,50.0463294038503,44.6306972902132,-54.0564867637559,-20.6033746857332,41.3954264536919,2.28849492687073,-26.1665567228901,2.80533698360606,52.545969436019,47.963550666438,"AIC_Bar",""
"6","103_1",-194.286238489098,-84.2266024953567,-66.3584609365748,-74.4270331935292,NA,-81.0548909357186,13.291558360071,-45.8250705817688,-187.625215938222,-77.5655799444806,-59.6974383856987,-67.7660106426532,NA,-75.7260728950178,17.2881718905966,-40.496252541068,"AIC_Bar",""
"7","104_1",-23.7042979244035,14.5816767790491,34.3217483390801,72.3848479847336,14.8144862295101,19.6957962055525,68.7136432437821,51.3444433579652,-17.6099188000625,20.6760559033901,40.4161274634211,78.4792271090746,20.9088653538511,24.5712995050253,72.3702707183867,56.219946657438,"AIC_Bar",""
"8","105_1",-19.3352355967087,-0.500932589793914,36.8560489751295,-1.35066805997482,-1.35066805997487,25.3352101312,51.9807260913725,44.3251263609217,-15.4722919855098,3.36201102140499,40.7189925863284,2.51227555122409,2.51227555122404,28.4255650201591,54.2984922580919,47.4154812498808,"AIC_Bar",""
"9","106_1",NA,15.7913678522724,58.3883074729963,67.5551711518444,15.6483070334613,40.8258763247252,65.4781454523731,63.49829721094,NA,20.2432266417532,62.8401662624772,72.0070299413253,20.1001658229421,44.3873633563098,68.1492607260616,67.0597842425246,"AIC_Gom_mult",""
"10","107_1",NA,28.1276934414073,11.6729474664271,NA,NA,36.7299674856126,34.7194751365819,10.0287878967467,NA,34.7887159922833,18.3339700173032,NA,NA,42.0587855263135,38.7160886671075,15.3576059374476,"AIC_Qua",""
"11","108_1",-13.6750087360289,17.4018105785662,38.6077833859879,68.3971770564989,17.5961507450229,20.7930580129294,67.7135059802145,54.4213531461037,-7.99753765638314,23.0792816582119,44.2852544656336,74.0746481361446,23.2736218246687,25.335034876646,71.1199886280019,58.9633300098203,"AIC_Bar",""
"12","109_1",-46.5235515207677,-29.334989017083,32.7395432491725,33.1103188194741,-30.3874044705891,9.66026698654654,45.0789760919992,39.2511530457595,-42.9833005152567,-25.794738011572,36.2797942546836,36.6505698249851,-26.8471534650781,12.4924677909554,47.2031266953059,42.0833538501684,"AIC_Bar",""
"13","11_1",-26.3155215908944,29.6290250511145,30.9964084782571,43.7684748485588,29.8821705759619,28.8965143562335,48.2938093169745,37.3518191596794,-22.4525779796955,33.4919686623134,34.8593520894561,47.6314184597577,33.7451141871608,31.9868692451927,50.6115754836939,40.4421740486386,"AIC_Bar",""
"14","110_1",14.444580647743,32.6657675053829,48.183463959015,NA,32.6493246052998,55.9609318638522,53.9693025687671,52.6059817035088,18.6106473680241,36.831834225664,52.3495306792961,NA,36.8153913255808,59.293785240077,56.4689426009357,55.9388350797337,"AIC_Bar",""
"15","111_1",NA,45.1528745781984,41.3774245168205,38.6010848771434,NA,43.450009485978,41.3278512601429,43.2079855541534,NA,51.63205890822,47.8566088468421,45.080269207165,NA,48.6333569499954,45.2153618581559,48.3913330181707,"AIC_Gom",""
"16","112_1",-113.05225477841,-52.4307072638755,45.3236035233065,56.1383024750449,-50.7529379017474,-27.6432726130457,65.066804759761,53.7595974552228,-106.391232227534,-45.7696847129995,51.9846260741825,62.7993250259209,-44.0919153508714,-22.3144545723449,69.0634182902866,59.0884154959237,"AIC_Bar",""
"17","113_1",-92.1446562188192,-67.3908661728711,-5.04510466805317,-30.0892849577441,-30.1678567094539,0.0305761291957038,40.5799185313224,13.3417045444091,-87.9785894985381,-63.2247994525901,-0.879037947772085,-25.923218237463,-26.0017899891728,3.36342950542057,43.0795585634911,16.674557920634,"AIC_Bar",""
"18","114_1",NA,-37.0890299977361,42.1728434174965,47.2678008010554,-30.4653480805343,-11.4302966082824,45.6132208321575,44.6453382607667,NA,-33.2260863865372,46.0357870286954,51.1307444122543,-26.6024044693354,-8.3399417193233,47.9309869988768,47.7356931497258,"AIC_Bar_mult",""
"19","115_1",-172.70200089902,37.2485634836474,-6.82372184193949,23.6758615204568,-129.216638718318,-71.0032234292173,30.8166440228552,15.8280808027187,-166.040978348144,43.9095860345234,-0.162699291063475,30.3368840713328,-122.555616167442,-65.6744053885164,34.8132575533808,21.1568988434195,"AIC_Bar",""
"20","116_1",NA,NA,-5.27474749376239,-5.0798213873251,-5.07982138732735,3.42000427084698,7.29271417880987,-6.09053688547047,NA,NA,-4.28862460708129,-4.093698500644,-4.09369850064626,4.20890258019185,7.88438791081853,-5.30163857612559,"AIC_Qua",""
"21","117_1",NA,NA,-9.26693121685076,-10.7116943532188,-10.7116943572263,6.81413675980645,7.79097436369788,-7.72553824936671,NA,NA,-9.5373804715742,-10.9821436079422,-10.9821436119497,6.59777735602771,7.62870481086382,-7.94189765314545,"AIC_Gom_mult",""
"22","118_1",NA,NA,-1.18703004394618,-1.79414626523171,-1.79414626564394,-0.761967684856542,-0.342512622162762,0.617150494561494,NA,NA,-1.45747929866961,-2.06459551995514,-2.06459552036737,-0.978327088635289,-0.504782174996823,0.400791090782747,"AIC_Gom_mult",""
"23","119_1",NA,NA,-2.11466343091163,NA,NA,-0.422670388052151,13.5260131156825,-1.09847775683812,NA,NA,-3.15586608477135,NA,NA,-1.25563251113993,12.9012915233666,-1.9314398799259,"AIC_Cub",""
"24","12_1",-215.960620897456,-76.6352815447338,-46.2557838778591,-69.6947335385733,NA,-75.6980651735892,22.1260782190633,-18.6633844775621,-209.29959834658,-69.9742589938577,-39.5947613269831,-63.0337109876973,NA,-70.3692471328884,26.1226917495889,-13.3345664368613,"AIC_Bar",""
"25","120_1",NA,NA,3.26854720184997,-12.3936503449614,-9.16664111369857,0.743920953056807,22.4341085677802,1.94963786109445,NA,NA,2.99809794712653,-12.6640995996848,-9.43709036842201,0.52756154927806,22.2718390149461,1.7332784573157,"AIC_Gom",""
"26","121_1",NA,NA,9.62401154149767,NA,NA,9.48089578050487,13.188685390793,10.4216536588381,NA,NA,8.58280888763794,NA,NA,8.64793365741709,12.5639637984771,9.58869153575033,"AIC_Log",""
"27","122_1",NA,NA,2.14891366411685,NA,NA,0.150807399939857,-1.36310240706288,0.320705526722968,NA,NA,1.10771101025713,NA,NA,-0.682154723147923,-1.98782399937871,-0.512256596364812,"AIC_OLS",""
"28","125_1",NA,NA,11.3775161608179,NA,NA,12.9501550751884,19.39524794709,13.11413035043,NA,NA,10.3363135069582,NA,NA,12.1171929521007,18.7705263547742,12.2811682273422,"AIC_Cub",""
"29","126_1",NA,NA,-0.65314887220292,NA,NA,-1.06063806841312,-2.49846509994311,-0.664938228859651,NA,NA,-1.69435152606265,NA,NA,-1.8936001915009,-3.12318669225895,-1.49790035194743,"AIC_OLS",""
"30","127_1",-118.563551521123,-73.9481798791798,38.1754326324529,50.8924944163861,-74.5138012064874,-42.3933224823396,65.0376858044328,49.1015423471324,-111.234872007125,-66.6195003651812,45.5041121464516,58.2211739303848,-67.1851216924887,-36.5303788711407,69.434893512832,54.9644859583313,"AIC_Bar",""
"31","128_1",NA,-44.4737399333947,40.545380804474,44.0974174289577,-39.4568622842162,-8.73965140958447,44.1455654675282,42.9997859012746,NA,-40.6107963221957,44.4083244156729,47.9603610401566,-35.5939186730173,-5.64929652062535,46.4633316342476,46.0901407902338,"AIC_Bar_mult",""
"32","129_1",NA,-30.8099373609252,57.7285941735422,59.5455985162718,42.0272068326342,24.8070153831703,59.8982786834845,59.7160633008413,NA,-26.3580785714444,62.1804529630231,63.9974573057526,46.479065622115,28.3685024147549,62.569393957173,63.277550332426,"AIC_Bar_mult",""
"33","13_1",NA,NA,20.5515061580213,16.5957850068092,20.3701472210876,18.9427212551949,37.1437391476617,31.4458224451994,NA,NA,22.5409825220132,18.585261370801,22.3596235850795,20.5343023463884,38.3374249660568,33.0374035363929,"AIC_Gom",""
"34","130_1",-156.4514533334,-96.5548733602535,-45.7458785763346,6.14083757483561,NA,-36.0061637282368,30.3514857751431,-2.26395484253104,-149.790430782524,-89.8938508093775,-39.0848560254586,12.8018601257116,NA,-30.677345687536,34.3480993056687,3.06486319816977,"AIC_Bar",""
"35","131_1",-138.097538881777,9.1684776345635,61.5708641198068,67.486347354149,9.25617951307528,9.61549733312574,80.2697362205818,68.8897212912855,-130.768859367778,16.4971571485621,68.8995436338055,74.8150268681477,16.5848590270739,15.4784409443246,84.666943928981,74.7526649024844,"AIC_Bar",""
"36","132_1",NA,-55.6447317144669,38.7243002030588,36.3380088777078,-54.567273591833,5.89978144530604,43.5443880441478,41.8396585702502,NA,-51.781788103268,42.5872438142577,40.2009524889067,-50.704329980634,8.99013633426516,45.8621542108671,44.9300134592093,"AIC_Bar_mult",""
"37","133_1",NA,-53.7078468719274,46.801076995042,50.7467191422519,-79.1940316969122,-19.2778765147212,47.9391432209352,48.1492544623181,NA,-49.5417801516463,50.9671437153231,54.9127858625329,-75.0279649766312,-15.9450231384963,50.4387832531038,51.482107838543,"AIC_Gom_mult",""
"38","134_1",-240.004129322209,33.1061333347126,14.362126378852,38.0073943304003,NA,36.982191673175,34.9740863538383,13.8610693618557,-233.343106771333,39.7671558855887,21.023148929728,44.6684168812763,NA,42.3110097138758,38.9706998843639,19.1898874025565,"AIC_Bar",""
"39","135_1",NA,NA,30.1407532910146,38.9132447564998,38.9132447562166,35.3733061013161,57.2268961789733,46.6882271781476,NA,NA,34.0036969022135,42.7761883676987,42.7761883674155,38.4636609902752,59.5446623456926,49.7785820671067,"AIC_Cub",""
"40","136_1",NA,NA,32.4792745760414,38.9157391087761,38.9157391030534,34.8347669437045,71.5983269533649,47.5649496520306,NA,NA,36.9311333655222,43.367597898257,43.3675978925342,38.3962539752892,74.2694422270534,51.1264366836152,"AIC_Cub",""
"41","137_1",NA,NA,29.3705237935646,32.8534341485765,32.8534341484575,29.0445033076657,63.7880018516444,37.0901056093613,NA,NA,33.2334674047635,36.7163777597754,36.7163777596564,32.1348581966248,66.1057680183638,40.1804604983204,"AIC_Log",""
"42","138_1",NA,NA,21.0699274888237,24.5634353909823,24.5634353899472,20.2901551811303,48.9296484729533,29.9126004074685,NA,NA,23.8946742761314,27.38818217829,27.3881821772549,22.5499526109764,50.6244965453379,32.1723978373147,"AIC_Log",""
"43","139_1",NA,NA,7.78490746983039,3.51857884459167,3.5185788365097,8.16546747637539,15.7505996069598,7.16563018262217,NA,NA,9.29783293480062,5.0315043095619,5.03150430147994,9.37580784835157,16.658354885942,8.37597055459835,"AIC_Gom_mult",""
"44","14_1",NA,NA,10.4569296871892,1.17444901205008,1.17444901197046,4.27552614970436,24.009207608987,21.4439668857116,NA,NA,11.4430525738703,2.16057189873118,2.16057189865156,5.06442445904924,24.6008813409957,22.2328651950564,"AIC_Gom_mult",""
"45","140_1",NA,NA,31.6558642531913,27.9569040955356,27.9569040954077,24.7943423586821,54.5678586997587,29.7309435620252,NA,NA,34.0803975021313,30.3814373444756,30.3814373443477,26.7339689578341,56.0225786491227,31.6705701611772,"AIC_Log",""
"46","141_1",NA,NA,16.3270802386575,3.81957119201309,3.81957119200757,-1.63830723145473,66.0535555753103,24.8168088617157,NA,NA,19.1518270259652,6.64431797932077,6.64431797931525,0.621490198391417,67.7484036476949,27.0766062915618,"AIC_Log",""
"47","142_1",NA,NA,29.6716284968591,26.0758762488982,26.0758762474397,24.7206841236497,54.0802414678733,29.3579785372572,NA,NA,32.0961617457991,28.5004094978382,28.5004094963797,26.6603107228017,55.5349614172373,31.2976051364092,"AIC_Log",""
"48","143_1",NA,NA,11.097693211201,9.04982706766757,9.04982706762994,4.97749635481284,50.8083861704833,15.0195293111652,NA,NA,12.6106186761713,10.5627525326378,10.5627525326002,6.18783672678902,51.7161414494654,16.2298696831414,"AIC_Log",""
"49","144_1",NA,NA,17.3234555041151,11.9205308573038,11.92053085578,20.4869344733697,22.1824683380108,23.456991088527,NA,NA,18.3095783907962,12.9066537439849,12.9066537424611,21.2758327827146,22.7741420700194,24.2458893978719,"AIC_Gom_mult",""
"50","145_1",NA,NA,29.5570427968385,17.0845270457627,17.0845270448613,8.81754302173376,87.8923197929029,29.4316066188763,NA,NA,34.2792376926707,21.8067219415949,21.8067219406935,12.5952989383995,90.7256367304022,33.209362535542,"AIC_Log",""
"51","146_1",NA,NA,257.527389552861,244.084222311875,244.084222311714,251.642327042485,459.800097870394,268.267467437,NA,NA,272.613788736936,259.17062149595,259.170621495789,263.711446389744,468.851937380838,280.33658678426,"AIC_Gom_mult",""
"52","147_1",NA,NA,131.276820818012,90.7625630837498,90.7625630827202,87.2218703023864,290.90131435782,129.359589496508,NA,NA,143.663504890404,103.149247156141,103.149247155111,97.1312175602992,298.333324801254,139.268936754421,"AIC_Log",""
"53","148_1",NA,NA,98.680478057717,39.7590104142582,39.7590104142506,54.9517227331856,330.321787890447,109.120824627276,NA,NA,112.091134193338,53.1696665498793,53.1696665498717,65.6802476416824,338.368181571819,119.849349535773,"AIC_Gom_mult",""
"54","149_1",NA,NA,132.19687856338,60.0832152844861,50.5772700863438,50.8257030720782,338.842782673582,152.015698328796,NA,NA,144.640060412041,72.5263971331468,63.0204519350045,60.7802485510068,346.308691782779,161.970243807724,"AIC_Gom_mult",""
"55","15_1",NA,NA,5.39713757546771,9.48242077142909,9.48242077106188,7.1838241560744,23.0943527523142,24.8673213910241,NA,NA,6.3832604621488,10.4685436581102,10.468543657743,7.97272246541928,23.6860264843229,25.656219700369,"AIC_Cub",""
"56","150_1",17.2842953525692,NA,0.236707319888183,0.43311146568308,0.433111460251171,-1.76191156265684,1.55252822614957,-1.1905490665974,17.0138460978457,NA,-0.0337419348352519,0.162662210959645,0.162662205527736,-1.97827096643559,1.3902586733155,-1.40690847037615,"AIC_Log",""
"57","151_1",11.8281558196362,NA,-4.08417716031944,-6.41940843728689,-6.41940843866649,-9.02371284798052,0.397153518717782,-4.26461502193806,11.5577065649127,NA,-4.35462641504288,-6.68985769201032,-6.68985769338992,-9.24007225175927,0.234883965883721,-4.48097442571681,"AIC_Log",""
"58","152_1",NA,NA,-15.9400777865617,NA,NA,-9.43995326019943,-0.154833596061247,-4.14883605549947,NA,NA,-16.9812804404214,NA,NA,-10.2729153832872,-0.779555188377081,-4.98179817858725,"AIC_Cub",""
"59","153_1",NA,NA,-13.5434493701133,NA,NA,-0.347508534594111,6.48225790128526,-14.5330758205242,NA,NA,-14.584652023973,NA,NA,-1.18047065768189,5.85753630896942,-15.366037943612,"AIC_Qua",""
"60","154_1",10.0482496113463,NA,-2.2258956415038,-7.71682944835504,-7.71682946707229,-4.52750615979126,-3.93791544524043,-3.98310175466892,9.7778003566229,NA,-2.49634489622723,-7.98727870307848,-7.98727872179573,-4.74386556357001,-4.10018499807449,-4.19946115844767,"AIC_Gom_mult",""
"61","155_1",17.9546895255638,NA,2.10432772084107,1.46768221779787,1.46768217730098,0.600053494530239,0.774884823389225,0.976643342101827,17.6842402708403,NA,1.83387846611763,1.19723296307443,1.19723292257755,0.383694090751492,0.612615270555165,0.76028393832308,"AIC_Log",""
"62","156_1",5.17643932056115,NA,-10.4273780751485,-11.6719260176453,-11.6719260184678,-12.6446145276685,-6.32497467811414,-11.2330910179249,4.90599006583771,NA,-10.697827329872,-11.9423752723687,-11.9423752731912,-12.8609739314472,-6.4872442309482,-11.4494504217036,"AIC_Log",""
"63","157_1",12.9946882861693,NA,-6.70278391232933,1.71903530936088,-9.06737092096671,-9.7334342054562,-0.348276955915165,-7.17810856281849,12.7242390314459,NA,-6.97323316705276,1.44858605463745,-9.33782017569015,-9.94979360923494,-0.510546508749226,-7.39446796659723,"AIC_Log",""
"64","158_1",-19.5388826687657,23.7364936517421,57.8338536567955,83.8170458721616,23.1669283943713,42.0507740477453,84.801794674523,73.2673373017309,-13.8614115891199,29.4139647313879,63.5113247364413,89.4945169518074,28.844399474017,46.5927509114619,88.2082773223105,77.8093141654475,"AIC_Bar",""
"65","159_1",-23.2047459998714,1.3215883021516,34.8324686222038,0.27471547299829,NA,28.8326903848611,53.7828314704062,45.4307184803952,-19.3418023886725,5.18453191335051,38.6954122334027,4.1376590841972,NA,31.9230452738203,56.1005976371255,48.5210733693543,"AIC_Bar",""
"66","16_1",NA,NA,-9.64755032368423,1.31252206877282,1.3125220687278,-3.86855794914498,21.4424939740339,23.1670094620472,NA,NA,-8.134624858714,2.82544753374305,2.82544753369803,-2.6582175771688,22.350249253016,24.3773498340234,"AIC_Cub",""
"67","160_1",NA,16.0316422271165,56.1057179713642,66.0548986757198,14.0209485206017,42.6947092506121,63.8093819091979,62.1390342594146,NA,20.1977089473976,60.2717846916453,70.2209653960008,18.1870152408828,46.027562626837,66.3090219413666,65.4718876356395,"AIC_Gom_mult",""
"68","161_1",-142.099089562291,-64.9699461874922,1.55573349795585,54.1629116105039,-50.3130180230698,27.8771999386861,74.5752595161119,43.7974088546348,-135.438067011415,-58.3089236366162,8.21675604883186,60.8239341613799,-43.6519954721938,33.2060179793869,78.5718730466375,49.1262268953356,"AIC_Bar",""
"69","162_1",NA,25.181990099164,43.5031947595344,73.1098724035557,25.1904845055096,27.6212718168363,72.5618229779164,61.8739214271147,NA,31.4724727892714,49.7936774496418,79.4003550936631,31.4809671956171,32.6536579689222,76.3361125919808,66.9063075792006,"AIC_Bar_mult",""
"70","163_1",-14.8121876584359,4.5129842773259,10.2567550112547,16.3217160116582,7.69879242993092,5.35806021296047,40.5973319705219,17.0595337456721,-11.2719366529249,8.05323528283695,13.7970060167657,19.8619670171693,11.239043435442,8.19026101736931,42.7214825738286,19.891734550081,"AIC_Bar",""
"71","164_1",-17.9690015810998,3.36114162766902,42.9112933612173,42.1365890887287,3.59925402036703,23.8073004411861,57.6043555903011,51.6653873013184,-14.1060579699009,7.22408523886792,46.7742369724162,45.9995326999276,7.46219763156594,26.8976553301452,59.9221217570205,54.7557421902776,"AIC_Bar",""
"72","165_1",-120.842426838816,-74.4529985793607,28.3304726519453,63.5216825173071,NA,8.47607751794568,70.0593352137117,53.2011917047896,-114.18140428794,-67.7919760284847,34.9914952028214,70.1827050681831,NA,13.8048955586465,74.0559487442373,58.5300097454904,"AIC_Bar",""
"73","166_1",NA,41.4070717483753,55.1955118926752,NA,41.4080015096214,43.5379107143611,75.3611895206822,69.6726439184656,NA,47.6975544384827,61.4859945827826,NA,47.6984841997288,48.570296866447,79.1354791347466,74.7050300705515,"AIC_Bar_mult",""
"74","167_1",-5.60714584352395,16.8747776234995,23.7959720071017,18.9977441995348,18.5421348554823,16.1576645185998,47.1326817834384,26.9540358757728,-2.0668948380129,20.4150286290105,27.3362230126128,22.5379952050459,22.0823858609934,18.9898653230086,49.2568323867451,29.7862366801816,"AIC_Bar",""
"75","168_1",-3.79274891626216,17.1137263049206,36.6901681829079,49.2450619572459,16.8558573764769,26.734766076456,47.4108153898943,43.5812789517808,-0.597462268185868,20.3090129529968,39.8854548309842,52.4403486053222,20.0511440245532,29.290995394917,49.3279873787401,46.1375082702419,"AIC_Bar",""
"76","169_1",-49.4418333187707,5.98216240829414,6.39177563485417,70.3094223128453,5.08750021208521,38.4616448596653,81.6466565505207,44.5742023351058,-42.4358464104599,12.9881493166049,13.3977625431649,77.3154092211561,12.093487120396,44.0664343863139,85.8502486955072,50.1789918617544,"AIC_Bar",""
"77","17_1",NA,NA,9.12721627029019,NA,NA,15.9904622996652,22.9068422965929,18.6512017104087,NA,NA,8.08601361643047,NA,NA,15.1575001765774,22.2821207042771,17.818239587321,"AIC_Cub",""
"78","170_1",-54.3094365215933,-24.4439323871896,50.9449855629795,73.6075044809987,-24.4586853329484,39.335199076971,74.3762562147383,65.9698788460066,-48.6319654419475,-18.7664613075439,56.6224566426252,79.2849755606445,-18.7812142533026,43.8771759406876,77.7827388625258,70.5118557097232,"AIC_Bar",""
"79","171_1",-46.5084535131014,-27.9883738176998,37.3970577856435,-27.8732152913644,-27.8732152913645,52.2257061801127,54.9432251884843,35.6658738503862,-42.3423867928203,-23.8223070974187,41.5631245059246,-23.7071485710833,-23.7071485710834,55.5585595563376,57.442865220653,38.998727226611,"AIC_Bar",""
"80","172_1",-26.435462680744,29.5272646622017,26.9143463414164,41.0022956831271,29.7371956025147,29.2536229500152,46.0908377006222,33.7980060940531,-22.5725190695451,33.3902082734006,30.7772899526153,44.8652392943261,33.6001392137136,32.3439778389743,48.4086038673416,36.8883609830122,"AIC_Bar",""
"81","173_1",-278.070510147603,-6.92304596063663,4.28308754929224,-11.089715749583,NA,47.9160404901657,38.138980445874,4.05437267231155,-271.409487596727,-0.262023409760612,10.9441101001683,-4.42869319870694,NA,53.2448585308665,42.1355939763996,9.38319071301236,"AIC_Bar",""
"82","174_1",NA,NA,23.3144148476605,23.821203146721,23.8185451174958,24.4910014010812,34.3687695891552,25.281969148185,NA,NA,23.0439655929371,23.5507538919976,23.5480958627723,24.2746419973024,34.2065000363212,25.0656097444063,"AIC_Cub",""
"83","175_1",NA,NA,16.7271808848872,17.1449115997923,17.1406817774176,17.9353998107874,30.7988370894331,22.5094888776162,NA,NA,16.4567316301637,16.8744623450689,16.8702325226942,17.7190404070086,30.636567536599,22.2931294738375,"AIC_Cub",""
"84","176_1",NA,NA,7.55276959322077,NA,NA,6.70201162248665,22.4327202749952,5.5530632618833,NA,NA,6.51156693936105,NA,NA,5.86904949939887,21.8079986826794,4.72010113879552,"AIC_Qua",""
"85","18_1",NA,NA,15.0562574949922,13.7796831779986,13.7796831777039,14.3388385087511,34.9168884464847,36.870901242351,NA,NA,17.0457338589841,15.7691595419905,15.7691595416958,15.9304195999445,36.1105742648798,38.4624823335445,"AIC_Gom_mult",""
"86","180_1",NA,NA,14.3513530691631,15.0928033265358,14.268886901955,18.9852092333,36.5843318171835,13.3817639188672,NA,NA,16.3408294331549,17.0822796905277,16.2583632659469,20.5767903244935,37.7780176355786,14.9733450100607,"AIC_Qua",""
"87","181_1",NA,NA,14.353293423794,7.06108053932543,7.06108053703216,17.638498796077,34.2723778081348,12.6711638585679,NA,NA,16.777826672734,9.48561378826543,9.48561378597217,19.578125395229,35.7270977574988,14.6107904577199,"AIC_Gom_mult",""
"88","182_1",NA,NA,15.4125060331926,9.62934477573322,9.6293447756193,7.68695481513569,27.0393234436975,26.5833087755823,NA,NA,16.9254314981628,11.1422702407034,11.1422702405895,8.89729518711187,27.9470787226796,27.7936491475585,"AIC_Log",""
"89","183_1",NA,NA,15.2540436645943,10.1506330447959,10.1506330431871,12.7582137305265,19.5314879471638,20.0030483092291,NA,NA,16.2401665512754,11.136755931477,11.1367559298682,13.5471120398714,20.1231616791724,20.791946618574,"AIC_Gom_mult",""
"90","184_1",NA,NA,2.61342174386879,NA,NA,7.63939616294835,21.6813970477422,5.86379713877867,NA,NA,1.57221909000906,NA,NA,6.80643403986057,21.0566754554263,5.03083501569089,"AIC_Cub",""
"91","185_1",NA,NA,17.7732139793892,-12.5014307783076,13.839362201188,3.4646219357272,38.3474231194053,35.9666524859656,NA,NA,20.5979607666969,-9.67668399099994,16.6641089884957,5.72441936557335,40.0422711917899,38.2264499158117,"AIC_Gom",""
"92","186_1",NA,NA,18.0055744314229,1.06922607017877,12.2287987470688,13.9652148798292,38.2528627432471,25.1595382382087,NA,NA,20.8303212187306,3.89397285748645,15.0535455343765,16.2250123096753,39.9477108156317,27.4193356680548,"AIC_Gom",""
"93","187_1",NA,NA,10.2034637706429,10.983526167292,10.9835261672639,13.4947669250988,26.7691039620468,14.4831795609088,NA,NA,12.6279970195829,13.408059416232,13.4080594162039,15.4343935242508,28.2238239114108,16.4228061600608,"AIC_Cub",""
"94","188_1",NA,NA,24.6880293990817,5.92409828483026,5.9240982842349,10.8497849647927,38.8870118615031,23.1361920178301,NA,NA,26.6775057630735,7.91357464882211,7.91357464822676,12.4413660559862,40.0806976798982,24.7277731090236,"AIC_Gom_mult",""
"95","189_1",NA,NA,2.29241719770927,-3.83086543321074,-3.83086543340349,-0.760811543188774,14.5389231220186,8.90185515201058,NA,NA,3.27854008439036,-2.84474254652964,-2.84474254672239,0.0280867661561039,15.1305968540273,9.69075346135546,"AIC_Gom_mult",""
"96","19_1",NA,NA,14.971634923549,5.60963972288637,11.9572856130882,9.7997301536399,28.0850147639988,24.5316201165821,NA,NA,16.4845603885192,7.1225651878566,13.4702110780584,11.0100705256161,28.992770042981,25.7419604885582,"AIC_Gom",""
"97","190_1",NA,NA,16.341527859798,6.16190557038409,6.16190556755739,7.79921866974932,25.6694061178519,14.5501773054528,NA,NA,16.0710786050746,5.89145631566066,5.89145631283396,7.58285926597057,25.5071365650178,14.3338179016741,"AIC_Gom_mult",""
"98","191_1",NA,NA,-1.62587383199083,6.93128927547649,6.93128927535401,6.16034031868042,26.7174562709191,2.7459981631253,NA,NA,-0.112948367020602,8.44421474044672,8.44421474032424,7.3706806906566,27.6252115499012,3.95633853510149,"AIC_Cub",""
"99","192_1",NA,NA,19.2648114520021,-2.09843251536565,-2.09843251552427,3.83453914969923,37.8163569621309,26.3279636953873,NA,NA,22.0895582393098,0.72631427194203,0.726314271783417,6.09433657954538,39.5112050345155,28.5877611252334,"AIC_Gom_mult",""
"100","193_1",NA,NA,-5.61872713158244,-7.83215448425053,-7.83215448437907,7.18921051702386,16.7238332492538,-2.01892025383588,NA,NA,-3.19419388264244,-5.40762123531053,-5.40762123543907,9.12883711617586,18.1785531986177,-0.0792936546838785,"AIC_Gom_mult",""
"101","194_1",NA,NA,28.7141386162434,-9.64439470401946,-9.64439470402001,-5.51230638357544,36.4423909752874,29.061681512255,NA,NA,30.7036149802353,-7.6549183400276,-7.65491834002816,-3.92072529238196,37.6360767936825,30.6532626034484,"AIC_Gom_mult",""
"102","195_1",NA,NA,-13.897120714132,-6.06210112800509,-6.06210112802836,1.27825126988221,8.71387255541437,-1.80246767129506,NA,NA,-13.4999130057328,-5.66489341960591,-5.66489341962918,1.59601743660155,8.95219718045388,-1.48470150457572,"AIC_Cub",""
"103","196_1",69.8194477048117,NA,16.3075806519529,5.63564933427791,5.63564933407272,1.31234951651783,25.595429811351,15.8214341089396,69.5489984500883,NA,16.0371313972294,5.36520007955448,5.36520007934929,1.09599011273908,25.4331602585169,15.6050747051609,"AIC_Log",""
"104","197_1",NA,NA,-4.58303951199355,-2.54152967524798,-2.54152967552354,-9.27904967104026,25.7525074318357,14.6977101254587,NA,NA,-2.5935631480017,-0.552053311256124,-0.552053311531685,-7.68746857984678,26.9461932502308,16.2892912166522,"AIC_Log",""
"105","198_1",-69.9127719052361,5.09770261558954,28.4458217420209,60.0468934656056,5.68380104137682,12.6867740462078,68.0804047872609,51.1025173426731,-64.2353008255904,10.7751736952353,34.1232928216667,65.7243645452513,11.3612721210226,17.2287509099244,71.4868874350484,55.6444942063897,"AIC_Bar",""
"106","199_1",-42.6368299120942,3.07658003924368,14.2908728987332,2.74506547921668,2.74506547680852,3.92229852274249,34.7636670812844,22.8739684946904,-39.8120831247866,5.90132682655137,17.1156196860409,5.56981226652436,5.56981226411621,6.18209595258863,36.458515153669,25.1337659245366,"AIC_Bar",""
"107","2_1",-63.741400744807,0.653970445288133,14.0182866590408,22.156884615859,1.33812579983988,-1.15254627924019,28.8786768683015,19.1885826942639,-60.5461140967307,3.84925709336443,17.2135733071171,25.3521712639353,4.53341244791617,1.40368303922085,30.7958488571473,21.7448120127249,"AIC_Bar",""
"108","20_1",NA,NA,11.2343658238388,8.53291877373579,8.53291877334823,5.30942610234653,26.5686696244265,13.4829102489166,NA,NA,12.2204887105199,9.51904166041689,9.51904166002933,6.09832441169141,27.1603433564351,14.2718085582615,"AIC_Log",""
"109","200_1",-117.829967580436,-43.459575459182,33.7035407562152,28.1487070579731,-28.3568706282573,-52.391302809509,46.1045796639255,40.3273923771002,-113.663900860155,-39.293508738901,37.8696074764962,32.3147737782542,-24.1908039079762,-49.0584494332841,48.6042196960941,43.6602457533251,"AIC_Bar",""
"110","201_1",-125.921298561779,-43.4727926844201,-27.6266025716149,43.2726196284656,-39.0017228298414,-8.10695404476731,58.5966045839447,25.1475127336155,-119.260276010903,-36.8117701335441,-20.9655800207389,49.9336421793416,-32.3407002789653,-2.77813600406649,62.5932181144703,30.4763307743163,"AIC_Bar",""
"111","202_1",-121.012578775511,-51.9509638755844,27.2387969131556,52.4629465202879,-34.0532646436839,-41.0592563847565,56.645485519793,42.0359300340235,-115.335107695865,-46.2734927959386,32.9162679928013,58.1404175999337,-28.3757935640382,-36.5172795210399,60.0519681675805,46.5779068977401,"AIC_Bar",""
"112","203_1",-61.8129709274493,-21.9963744083177,12.2141927461839,9.63664055695619,-17.982806908116,-17.3062603316313,28.47467874638,20.5816170180281,-59.3884376785093,-19.5718411593777,14.6387259951239,12.0611738058962,-15.558273659176,-15.3666337324793,29.929398695744,22.5212436171801,"AIC_Bar",""
"113","204_1",-57.2015513784864,-7.18337957950812,20.340891525588,27.673483912547,-7.89914842720197,-1.80925833503486,33.5331683828214,27.7756976153137,-53.6613003729754,-3.64312857399707,23.8811425310991,31.213734918058,-4.35889742169092,1.02294246937398,35.657318986128,30.6078984197225,"AIC_Bar",""
"114","205_1",-185.281698591511,89.0351796643103,-36.2635181579722,-41.9759997910897,NA,-28.3626500220999,55.3354477858014,-0.816423017827972,-178.620676040635,95.6962022151863,-29.6024956070962,-35.3149772402137,NA,-23.0338319813991,59.332061316327,4.51239502287284,"AIC_Bar",""
"115","206_1",NA,NA,-5.43104949021615,-13.2186918551663,-13.2186918566298,2.64412905274383,0.930507513945056,2.92939006801516,NA,NA,-5.70149874493958,-13.4891411098898,-13.4891411113533,2.42776964896509,0.768237961110995,2.71303066423641,"AIC_Gom_mult",""
"116","207_1",NA,NA,3.82681797786156,0.917874321304392,0.917874320468673,6.92040655902046,5.86095557420111,7.63120187219372,NA,NA,3.55636872313813,0.647425066580958,0.647425065745239,6.70404715524172,5.69868602136705,7.41484246841497,"AIC_Gom_mult",""
"117","208_1",NA,NA,10.0558185103265,NA,NA,10.7452758798654,10.5769060503161,11.2721238618473,NA,NA,9.01461585646678,NA,NA,9.91231375677763,9.95218445800029,10.4391617387595,"AIC_Cub",""
"118","209_1",NA,NA,1.2991152924539,6.28597372778885,6.28597372629638,4.99119428982723,20.1866334808518,1.04766381352422,NA,NA,1.02866603773046,6.01552447306541,6.01552447157294,4.77483488604848,20.0243639280177,0.831304409745472,"AIC_Qua",""
"119","21_1",NA,NA,1.42943796472608,-2.21701769617251,-2.21701770151076,-10.935013223005,21.4616716514403,22.8166498834762,NA,NA,2.94236342969631,-0.704092231202278,-0.704092236540532,-9.72467285102878,22.3694269304224,24.0269902554524,"AIC_Log",""
"120","210_1",NA,NA,-11.4850570683001,NA,NA,0.721231767738293,2.41153813118972,-6.93324805485089,NA,NA,-12.5262597221598,NA,NA,-0.111730355349487,1.78681653887388,-7.76621017793867,"AIC_Cub",""
"121","211_1",NA,NA,-6.37347075877827,NA,NA,-8.41386209180929,-8.35071482451729,-8.29028855027657,NA,NA,-7.414673412638,NA,NA,-9.24682421489707,-8.97543641683312,-9.12325067336436,"AIC_Log",""
"122","214_1",NA,NA,0.172962582899288,NA,NA,4.76225709180346,15.2292559536982,6.92153999168609,NA,NA,-0.868240070960438,NA,NA,3.92929496871568,14.6045343613823,6.08857786859831,"AIC_Cub",""
"123","215_1",NA,NA,-23.7726032451804,0.930751866001117,NA,11.8498620596547,10.055019519166,-5.61063161585438,NA,NA,-24.0430524999038,0.660302611277682,NA,11.6335026558759,9.89274996633189,-5.82699101963312,"AIC_Cub",""
"124","217_1",NA,NA,5.09221176589241,NA,NA,4.20784973128398,26.7400302028157,20.4349334640481,NA,NA,4.05100911203268,NA,NA,3.3748876081962,26.1153086104998,19.6019713409603,"AIC_Log",""
"125","22_1",NA,NA,2.43165976200473,7.23452514150439,7.23452514022644,4.31755509833923,12.5768523688553,7.96133882926392,NA,NA,2.82886747040391,7.63173284990357,7.63173284862562,4.63532126505858,12.8151769938948,8.27910499598327,"AIC_Cub",""
"126","221_1",NA,NA,3.44580325389738,1.10961405724232,NA,1.1652663011438,4.41297674100738,4.25851530884657,NA,NA,3.17535399917395,0.839164802518885,NA,0.948906897365055,4.25070718817332,4.04215590506783,"AIC_Gom",""
"127","224_1",NA,NA,-1.08560635558258,NA,NA,NA,5.0388320782287,6.8814727531495,NA,NA,-2.12680900944231,NA,NA,NA,4.41411048591286,6.04851063006172,"AIC_Cub",""
"128","226_1",NA,NA,13.9238439012258,NA,NA,4.12976747379509,29.215756758932,16.5603521034467,NA,NA,12.8826412473661,NA,NA,3.29680535070731,28.5910351666161,15.7273899803589,"AIC_Log",""
"129","227_1",NA,NA,-7.30847710476257,0.803620039800988,NA,5.48386409946559,12.8900920224223,8.73747231203925,NA,NA,-6.91126939636339,1.20082774820017,NA,5.80163026618493,13.1284166474618,9.05523847875859,"AIC_Cub",""
"130","229_1",NA,NA,14.7503647261486,NA,NA,3.7588063132041,27.143660637568,19.1174688044737,NA,NA,13.7091620722889,NA,NA,2.92584419011632,26.5189390452521,18.2845066813859,"AIC_Log",""
"131","23_1",NA,NA,6.46078606094395,1.50347077012253,1.5034707700772,-1.46251824614089,21.340818110888,19.4707211326462,NA,NA,6.19033680622051,1.2330215153991,1.23302151535376,-1.67887764991964,21.1785485580539,19.2543617288674,"AIC_Log",""
"132","230_1",NA,NA,14.5702764731257,8.45785606888145,23.6862704484848,1.3630143678905,24.0819181222058,17.3022139845929,NA,NA,14.2998272184023,8.18740681415801,23.4158211937613,1.14665496411175,23.9196485693718,17.0858545808141,"AIC_Log",""
"133","233_1",NA,NA,12.1409728957822,4.64147373739804,NA,2.91346174074802,21.6618349128569,20.9208055589297,NA,NA,11.8705236410587,4.37102448267461,NA,2.69710233696927,21.4995653600228,20.7044461551509,"AIC_Log",""
"134","234_1",NA,NA,13.7719885094435,3.65069201037847,3.65069200438905,19.2420508420738,18.9585103520814,20.2562571928637,NA,NA,14.7581113961246,4.63681489705957,4.63681489107015,20.0309491514187,19.5501840840901,21.0451555022086,"AIC_Gom_mult",""
"135","235_1",NA,NA,12.1191508771089,-1.93570268329542,-1.93570268594816,13.8654868687024,18.3001659448968,15.0011310318228,NA,NA,11.8487016223855,-2.20615193801886,-2.20615194067159,13.6491274649236,18.1378963920627,14.784771628044,"AIC_Gom_mult",""
"136","236_1",NA,NA,2.4991402622305,1.79446125749526,1.79446125713817,8.59236909771685,10.8834724326047,6.31543710662218,NA,NA,2.22869100750706,1.52401200277182,1.52401200241474,8.3760096939381,10.7212028797706,6.09907770284343,"AIC_Gom_mult",""
"137","237_1",NA,NA,-1.23877195270837,NA,NA,3.56720682558131,5.83120158243676,-3.0434123264351,NA,NA,-2.2799746065681,NA,NA,2.73424470249353,5.20647999012093,-3.87637444952288,"AIC_Qua",""
"138","238_1",NA,NA,-16.2144880030087,-15.7755134564648,-15.7755134565232,-11.0750060769561,-3.54850471858482,-11.0935739137045,NA,NA,-16.4849372577322,-16.0459627111882,-16.0459627112467,-11.2913654807349,-3.71077427141888,-11.3099333174833,"AIC_Cub",""
"139","239_1",NA,NA,-5.24434672103078,NA,NA,-7.04259535701729,12.608756421257,-5.63455866277212,NA,NA,-6.28554937489051,NA,NA,-7.87555748010507,11.9840348289412,-6.4675207858599,"AIC_Log",""
"140","24_1",NA,NA,18.241180116429,13.7074320923113,20.2789832057988,12.9838276359939,39.4563715957805,40.9305602199823,NA,NA,21.4364667645053,16.9027187403876,23.4742698538751,15.540056954455,41.3735435846263,43.4867895384434,"AIC_Log",""
"141","240_1",NA,NA,-2.2826902401663,NA,NA,2.72599022337787,2.59520087232169,4.11916076363104,NA,NA,-3.32389289402603,NA,NA,1.89302810029009,1.97047928000586,3.28619864054326,"AIC_Cub",""
"142","244_1",NA,NA,15.1256686362218,5.49070882293406,5.49070881476897,16.7847464205828,16.9808604680387,17.9650776226117,NA,NA,14.8552193814983,5.22025956821062,5.22025956004553,16.568387016804,16.8185909152047,17.7487182188329,"AIC_Gom_mult",""
"143","245_1",NA,NA,11.1525001770537,8.16373761755779,8.16373761675252,14.7811842614584,26.966806240123,9.38277199213729,NA,NA,13.5770334259937,10.5882708664978,10.5882708656925,16.7208108606104,28.421526189487,11.3223985912893,"AIC_Gom_mult",""
"144","246_1",NA,NA,0.378430828111707,0.351263559528263,0.351263559488434,10.8024030462401,22.5775076630483,-0.551678268762917,NA,NA,2.36790719210356,2.34073992352012,2.34073992348029,12.3939841374336,23.7711934814434,1.03990282243057,"AIC_Qua",""
"145","247_1",NA,NA,19.5977070481134,-2.79912867968347,-2.79912869081593,-7.38103783659246,26.3347452097009,21.353838374255,NA,NA,21.1106325130836,-1.28620321471324,-1.2862032258457,-6.17069746461627,27.2425004886831,22.5641787462312,"AIC_Log",""
"146","248_1",NA,NA,0.470177898432349,0.109936218825592,0.109936218819767,7.80822681779997,3.75654900711247,2.28726633830566,NA,NA,1.45630078511345,1.09605910550669,1.09605910550087,8.59712512714485,4.34822273912113,3.07616464765054,"AIC_Gom_mult",""
"147","249_1",96.7175399075102,NA,9.24639852961055,2.3760302271957,2.37603022474951,-1.4735645519636,25.0457177245656,7.46834498178454,96.4470906527868,NA,8.97594927488712,2.10558097247226,2.10558097002608,-1.68992395574234,24.8834481717316,7.2519855780058,"AIC_Log",""
"148","25_1",NA,NA,13.9374288903725,2.69673971610576,7.55407442542334,6.93390764573826,38.5006369459645,17.6122716468118,NA,NA,16.3619621393125,5.12127296504577,9.97860767436334,8.87353424489026,39.9553568953284,19.5518982459638,"AIC_Gom",""
"149","250_1",NA,NA,1.53193278436912,-6.37489274359467,-6.37489274359881,-3.99232987756976,26.672435653407,27.4415432358208,NA,NA,4.35667957167681,-3.55014595628699,-3.55014595629113,-1.73253244772361,28.3672837257916,29.7013406656669,"AIC_Gom_mult",""
"150","251_1",NA,NA,14.9127173403179,0.591206825148397,0.591206823502683,3.16377431156607,30.3106420209435,28.2826066741486,NA,NA,16.9021937043098,2.58068318914025,2.58068318749454,4.75535540275955,31.5043278393387,29.8741877653421,"AIC_Gom_mult",""
"151","252_1",NA,NA,15.8894418732153,9.25755714586711,9.25755714541924,10.8318142655885,18.7708884109253,16.6338179213633,NA,NA,16.8755647598964,10.2436800325482,10.2436800321003,11.6207125749334,19.3625621429339,17.4227162307082,"AIC_Gom_mult",""
"152","253_1",NA,NA,-6.93430898231447,-2.59880662096932,-2.59880662133754,0.683488108365765,7.60102397243829,9.48693340094287,NA,NA,-5.94818609563337,-1.61268373428822,-1.61268373465645,1.47238641771064,8.19269770444695,10.2758317102877,"AIC_Cub",""
"153","254_1",NA,NA,3.40355700488106,-0.28405512432704,-0.284055125405622,3.09765057420655,12.7493444132989,13.5511089805328,NA,NA,4.38967989156216,0.702067762354059,0.702067761275476,3.88654888355143,13.3410181453075,14.3400072898776,"AIC_Gom_mult",""
"154","255_1",NA,NA,15.5007051710289,6.73010591615423,6.73010590780568,8.26723627014857,21.6288747829357,19.5807863404861,NA,NA,15.8979128794281,7.12731362455341,7.12731361620486,8.58500243686792,21.8671994079752,19.8985525072055,"AIC_Gom_mult",""
"155","256_1",NA,NA,18.7976192081391,7.94646796751306,7.94646796714808,12.2251371227029,38.9328591996099,35.4352646464143,NA,NA,21.9929058562154,11.1417546155893,11.1417546152244,14.781366441164,40.8500311884556,37.9914939648754,"AIC_Gom_mult",""
"156","257_1",NA,NA,-0.511006911289041,9.59304153192645,1.31110151313164,8.93893147320637,31.799722137564,9.73428893644569,NA,NA,2.31373987601864,12.4177883192341,4.13584830043933,11.1987289030525,33.4945702099486,11.9940863662918,"AIC_Cub",""
"157","258_1",NA,NA,-7.35565671012333,3.26338591988064,3.26338591765496,-2.45359271012153,18.7563849523013,18.478741835955,NA,NA,-4.93112346118333,5.68791916882064,5.68791916659496,-0.513966110969532,20.2111049016653,20.418368435107,"AIC_Cub",""
"158","259_1",NA,NA,-0.516238791928828,-0.936336026732146,NA,8.5383507172065,6.29771858070052,8.03712164180592,NA,NA,0.996686673041403,0.576589438238084,NA,9.74869108918268,7.20547385968266,9.2474620137821,"AIC_Gom",""
"159","26_1",NA,NA,10.0550820071165,2.93812399861195,2.9381239981453,6.83582151128864,17.0728300680275,11.6697857761055,NA,NA,10.4522897155157,3.33533170701113,3.33533170654448,7.15358767800799,17.3111546930671,11.9875519428248,"AIC_Gom_mult",""
"160","260_1",NA,NA,8.260033193829,6.54403749173437,6.54403749161158,6.27227391637444,8.64378489103493,10.6141316603555,NA,NA,9.2461560805101,7.53016037841547,7.53016037829268,7.06117222571931,9.23545862304359,11.4030299697003,"AIC_Log",""
"161","261_1",NA,NA,-0.310583876919196,NA,NA,5.04394879447177,16.5545214431973,-0.273612259590667,NA,NA,-1.35178653077892,NA,NA,4.21098667138399,15.9297998508815,-1.10657438267845,"AIC_Cub",""
"162","262_1",NA,NA,12.5265739189919,4.89792906330816,14.1171129105677,12.0119177133847,30.0816592693871,26.9146420676028,NA,NA,15.3513207062996,7.72267585061584,16.9418596978754,14.2717151432308,31.7765073417718,29.1744394974489,"AIC_Gom",""
"163","263_1",-120.792952442394,-33.0931182462883,19.3069235998018,50.1251544094053,-29.5806913250211,-10.3915211505433,55.236456987943,40.2422422518756,-115.337740175603,-27.6379059794968,24.7621358665934,55.5803666761969,-24.1254790582295,-6.02735133711002,58.509584348018,44.6064120653089,"AIC_Bar",""
"164","264_1",-69.350709742754,-14.2311348517833,15.1978589693277,10.843060962789,-12.207569971106,-4.21707832658991,35.1691160311779,24.8777731207923,-66.5259629554463,-11.4063880644756,18.0226057566354,13.6678077500967,-9.38282318379836,-1.95728089674377,36.8639641035625,27.1375705506384,"AIC_Bar",""
"165","265_1",-73.0510876349441,-4.25979555804438,28.2875447544768,14.8620912727626,-2.59641438099057,-5.48969453884478,41.1751887714456,35.2361497419897,-69.5108366294331,-0.71954455253333,31.8277957599878,18.4023422782737,0.943836624520484,-2.65749373443594,43.2993393747522,38.0683505463985,"AIC_Bar",""
"166","266_1",-216.452125134367,-32.5230537427619,-34.3102348710365,-33.8447230001882,NA,-16.9590256099306,40.6252888683915,-23.9034019449957,-209.791102583491,-25.8620311918859,-27.6492123201605,-27.1837004493122,NA,-11.6302075692298,44.6219023989171,-18.5745839042949,"AIC_Bar",""
"167","267_1",-76.2733833620436,41.1417901688151,35.6381346197094,57.1700275018541,10.1976547121276,4.82005708962631,59.2487667657295,45.6105219193024,-70.5959122823979,46.8192612484608,41.3156056993552,62.8474985814998,15.8751257917733,9.36203395334291,62.6552494135169,50.152498783019,"AIC_Bar",""
"168","268_1",-51.4452135184167,-1.21561249761347,10.4167093578424,-1.17364148526487,-1.17364149031067,-1.32497341018586,29.0382470212927,16.0760396255837,-48.2499268703404,1.97967415046283,13.6119960059187,2.02164516281142,2.02164515776562,1.23125590827517,30.9554190101385,18.6322689440447,"AIC_Bar",""
"169","269_1",-72.9886214269625,-22.7504047042119,15.3763040172749,-22.827032080372,-22.8469951858017,-19.7573555502991,32.1527699362766,24.6384661196581,-69.4483704214514,-19.2101536987009,18.9165550227859,-19.286781074861,-19.3067441802906,-16.9251547458902,34.2769205395832,27.4706669240669,"AIC_Bar",""
"170","27_1",NA,NA,-1.66736224264652,6.11848888662866,6.11848888608279,-2.57456356800735,20.5006452225021,22.4214758620741,NA,NA,-0.154436777676288,7.63141435159889,7.63141435105302,-1.36422319603117,21.4084005014842,23.6318162340503,"AIC_Log",""
"171","270_1",-177.277922674653,-78.9115770825492,-43.9782535386816,22.4350800288767,NA,-22.2924214208331,52.6711363491356,15.7110807735102,-170.616900123777,-72.2505545316731,-37.3172309878056,29.0961025797528,NA,-16.9636033801323,56.6677498796612,21.039898814211,"AIC_Bar",""
"172","271_1",-50.2341970938352,25.9806267100866,43.2468759916345,68.2650825422277,29.9175742081781,24.7196491001447,69.6044413964072,54.96079921999,-44.5567260141895,31.6580977897323,48.9243470712803,73.9425536218735,35.5950452878238,29.2616259638613,73.0109240441946,59.5027760837066,"AIC_Bar",""
"173","272_1",-75.2233770178889,-30.2239457833688,8.83594677040276,-34.2722662100273,-34.2982270845999,-17.1194148634571,37.5831830381145,23.0218953659448,-71.36043340669,-26.3610021721699,12.6988903816017,-30.4093225988284,-30.435283473401,-14.029059974498,39.9009492048339,26.1122502549039,"AIC_Bar",""
"174","273_1",-71.0152266474124,-13.3152594780218,14.0729899975573,1.87036446826187,-12.7896117143176,-7.65517083477293,31.4909120879735,25.3243125145358,-67.1522830362135,-9.45231586682285,17.9359336087562,5.73330807946077,-8.92666810311871,-4.56481594581381,33.8086782546928,28.4146674034949,"AIC_Bar",""
"175","274_1",-191.768952707933,-79.0950180559911,-55.4943994461748,-66.389681393944,NA,-47.5942526898731,41.7205677686881,-14.0139850445179,-185.107930157057,-72.4339955051151,-48.8333768952988,-59.728658843068,NA,-42.2654346491722,45.7171812992137,-8.6851670038171,"AIC_Bar",""
"176","275_1",NA,NA,11.8757084442006,22.1979775065361,-9.21087804069828,8.62978945892008,29.9534297952153,22.6604653895027,NA,NA,14.3002416931406,24.6225107554761,-6.78634479175827,10.5694160580721,31.4081497445793,24.6000919886547,"AIC_Gom_mult",""
"177","275_2",NA,NA,23.5996234990459,3.52144353329081,3.52144139443915,22.4565983101941,33.0525981393512,26.7613027928051,NA,NA,26.0241567479859,5.94597678223081,5.94597464337915,24.3962249093461,34.5073180887152,28.7009293919571,"AIC_Gom_mult",""
"178","275_3",NA,NA,14.5910449006813,30.0111605049399,-5.88296893377419,13.6808563705758,34.0934617817353,21.605754310226,NA,NA,17.415791687989,32.8359072922476,-3.0582221464665,15.9406538004219,35.78830985412,23.8655517400721,"AIC_Gom_mult",""
"179","275_4",NA,NA,22.9980064925843,33.1028498109509,-7.13204958122378,21.8332465819292,37.4598526798993,28.8352735005609,NA,NA,25.822753279892,35.9275965982586,-4.3073027939161,24.0930440117753,39.1547007522839,31.0950709304071,"AIC_Gom_mult",""
"180","275_5",NA,NA,9.91491909763321,29.2391646495746,-16.951980736024,7.09329650462344,33.4715323454481,21.921996885723,NA,NA,12.7396658849409,32.0639114368823,-14.1272339487163,9.35309393446958,35.1663804178327,24.1817943155691,"AIC_Gom_mult",""
"181","276_1",NA,NA,19.6190620141612,17.3418256220625,NA,15.3625015766489,20.8367772815762,19.8820563166263,NA,NA,22.4438088014689,20.1665724093702,NA,17.6222990064951,22.5316253539608,22.1418537464724,"AIC_Log",""
"182","276_2",NA,NA,17.4072522274137,16.9993765835101,NA,15.5780978406181,17.814315045252,17.0663592181583,NA,NA,20.2319990147214,19.8241233708178,NA,17.8378952704643,19.5091631176366,19.3261566480045,"AIC_Log",""
"183","276_3",NA,NA,17.236724672221,10.5797682217504,NA,8.63794191763179,19.4624317371795,16.9330170338367,NA,NA,20.0614714595287,13.4045150090581,NA,10.8977393474779,21.1572798095641,19.1928144636828,"AIC_Log",""
"184","276_4",NA,NA,20.4917212409339,14.6932595815838,NA,13.6571091855025,30.1340795332523,21.427406883291,NA,NA,24.031972246445,18.2335105870949,NA,16.4893099899113,32.258230136559,24.2596076876998,"AIC_Log",""
"185","276_5",NA,NA,14.9160102016834,16.2697338531647,NA,3.02654874864519,21.5370909673695,16.8416790616354,NA,NA,17.3405434506234,18.6942671021047,NA,4.96617534779719,22.9918109167335,18.7813056607874,"AIC_Log",""
"186","277_1",NA,NA,34.0199702961623,31.6873488368008,31.6256642574383,33.3083149513616,32.3267585279296,32.9593013186579,NA,NA,36.0094466601542,33.6768252007927,33.6151406214302,34.8998960425551,33.5204443463247,34.5508824098513,"AIC_Gom_mult",""
"187","277_2",NA,NA,38.428779496407,33.4545239609948,NA,38.2640604799285,36.291690158864,38.2912456563605,NA,NA,40.4182558603989,35.4440003249867,NA,39.855641571122,37.4853759772591,39.882826747554,"AIC_Gom",""
"188","277_3",NA,NA,34.6653066692616,28.7276164892379,28.7276152824062,34.5389721305032,33.7416635678009,34.2673128300277,NA,NA,36.6547830332535,30.7170928532298,30.7170916463981,36.1305532216966,34.9353493861961,35.8588939212212,"AIC_Gom_mult",""
"189","277_4",NA,NA,36.510982462624,26.9988152314823,26.9988152313693,36.5791593084178,35.4444988047084,36.5592221957047,NA,NA,38.935515711564,29.4233484804223,29.4233484803093,38.5187859075698,36.8992187540724,38.4988487948567,"AIC_Gom_mult",""
"190","277_5",NA,NA,27.126891593215,22.7111371215948,NA,29.8382862921042,28.2239774100248,29.7651715233139,NA,NA,29.551424842155,25.1356703705348,NA,31.7779128912562,29.6786973593888,31.7047981224659,"AIC_Gom",""
"191","278_1",NA,NA,32.6714509107351,24.6717691042069,NA,32.6032312983023,32.7894300599525,32.6932955638088,NA,NA,34.6609272747269,26.6612454681988,NA,34.1948123894958,33.9831158783476,34.2848766550023,"AIC_Gom",""
"192","278_2",NA,NA,32.4000803541851,25.6360111588342,25.6360110355665,31.5182735601147,32.0771585622043,31.625459944447,NA,NA,34.3895567181769,27.6254875228261,27.6254873995584,33.1098546513082,33.2708443805994,33.2170410356405,"AIC_Gom_mult",""
"193","278_3",NA,NA,17.9989211146746,11.6368152564349,NA,18.4445935660461,19.2543983255185,18.3699139243606,NA,NA,19.9883974786664,13.6262916204268,NA,20.0361746572396,20.4480841439136,19.9614950155541,"AIC_Gom",""
"194","278_4",NA,NA,34.8808078766386,34.2211309644949,34.2211309278451,33.0579478944923,33.7790671927679,32.9863558029392,NA,NA,36.8702842406305,36.2106073284867,36.210607291837,34.6495289856858,34.972753011163,34.5779368941327,"AIC_Qua",""
"195","278_5",NA,NA,7.90177545371108,0.912228080258554,0.912228044796988,6.27248744498406,9.47131447256722,5.90663448342538,NA,NA,8.29898316211026,1.30943578865773,1.30943575319617,6.59025361170341,9.70963909760673,6.22440065014473,"AIC_Gom_mult",""
"196","279_1",NA,NA,23.608861211272,17.9043297545943,17.9043296011231,21.7667702090867,30.1430892456494,22.3894135456278,NA,NA,25.5983375752639,19.8938061185861,19.893805965115,23.3583513002802,31.3367750640445,23.9809946368213,"AIC_Gom_mult",""
"197","279_2",NA,NA,-4.82584502143202,-5.27963506070228,-5.27963506079452,-5.73121960257357,22.360180965968,6.49411815685578,NA,NA,-3.31291955646179,-3.76670959573205,-3.76670959582428,-4.52087923059738,23.2679362449502,7.70445852883196,"AIC_Log",""
"198","279_3",NA,NA,19.8937920554905,12.460575145516,12.460575121255,18.0338686412149,26.2050547301033,19.8683633323523,NA,NA,21.8832684194824,14.4500515095078,14.4500514852468,19.6254497324084,27.3987405484984,21.4599444235457,"AIC_Gom_mult",""
"199","279_4",NA,NA,28.0296400827539,20.0756276678892,20.0756276339813,26.3456706463326,32.3442881092911,26.0831534509637,NA,NA,30.0191164467458,22.0651040318811,22.0651039979731,27.9372517375261,33.5379739276862,27.6747345421572,"AIC_Gom_mult",""
"200","279_5",NA,NA,31.9130941332113,23.1828839950997,23.182883910228,29.8725812870869,35.8671019247167,30.9778533249132,NA,NA,33.9025704972031,25.1723603590915,25.1723602742199,31.4641623782804,37.0607877431118,32.5694344161067,"AIC_Gom_mult",""
"201","28_1",NA,NA,6.20679778279833,3.62744094265894,3.62744094260275,5.9131226162697,20.4830445972455,18.7847024072265,NA,NA,6.60400549119751,4.02464865105811,4.02464865100193,6.23088878298904,20.721369222285,19.1024685739458,"AIC_Gom_mult",""
"202","280_1",NA,NA,31.1168567535206,31.5815447059834,31.5815447058213,30.5267356113745,58.7054262865199,30.0570091330016,NA,NA,34.3121434015969,34.7768313540597,34.7768313538976,33.0829649298355,60.6225982753657,32.6132384514626,"AIC_Qua",""
"203","281_1",NA,NA,25.5128975096306,22.4299388141132,22.4299388123667,19.2022950721299,76.4325560730221,25.0704478508907,NA,NA,29.6789642299117,26.5960055343943,26.5960055326478,22.5351484483547,78.9321961051907,28.4033012271156,"AIC_Log",""
"204","282_1",NA,NA,28.9799947397837,23.7072259676411,23.7072259665374,16.6398895353453,73.542352950503,27.4318898980872,NA,NA,32.5202457452947,27.2474769731522,27.2474769720485,19.4720903397542,75.6665035538096,30.264090702496,"AIC_Log",""
"205","283_1",NA,NA,20.7238567834631,17.3227432095504,17.3227432094748,12.8755416155407,62.0649707419977,25.1831063986617,NA,NA,23.5486035707708,20.1474899968581,20.1474899967825,15.1353390453868,63.7598188143823,27.4429038285078,"AIC_Log",""
"206","284_1",NA,NA,-3.09529120872606,-3.93614848780115,-3.93614848782212,-4.00138449475721,-0.183574597866474,-3.10574373644714,NA,NA,-2.10916832204496,-2.95002560112005,-2.95002560114102,-3.21248618541233,0.408099134142184,-2.31684542710227,"AIC_Log",""
"207","285_1",NA,NA,1.12079149852193,-3.43281123618052,-3.4328112362946,9.12694182447075,76.5210319522129,3.08631874532011,NA,NA,6.09945286629188,1.54585013158944,1.54585013147535,13.1098709186867,79.5082287728748,7.06924783953607,"AIC_Gom_mult",""
"208","29_1",NA,NA,7.53674476309395,3.61072686778999,3.61072686667821,-0.524453823385139,21.0264411302947,18.9267054838431,NA,NA,7.26629550837052,3.34027761306656,3.34027761195477,-0.740813227163886,20.8641715774606,18.7103460800644,"AIC_Log",""
"209","3_1",-46.3141073832918,-8.51565057469005,23.5037525351992,33.8492382147716,-8.10905082942335,-2.10570359284725,33.4328688094316,29.0446284637885,-42.7738563777808,-4.97539956917899,27.0440035407103,37.3894892202827,-4.5687998239123,0.726497211561593,35.5570194127382,31.8768292681974,"AIC_Bar",""
"210","30_1",NA,NA,2.19257522869515,-5.78364859679281,-5.78364859680865,-0.683382900566304,27.4073169963799,27.658576804737,NA,NA,5.01732201600283,-2.95890180948513,-2.95890180950096,1.57641452927984,29.1021650687645,29.9183742345831,"AIC_Gom_mult",""
"211","31_1",NA,NA,21.482914710926,2.66653079928779,2.66653079857158,10.0084141515135,34.1676885081724,25.3194709071633,NA,NA,23.907447959866,5.0910640482278,5.09106404751158,11.9480407506655,35.6224084575364,27.2590975063153,"AIC_Gom_mult",""
"212","32_1",NA,NA,4.23864898584769,10.268479379192,10.2684793787909,9.12589867339329,20.1087134553656,12.0744695220971,NA,NA,5.22477187252878,11.2546022658731,11.254602265472,9.91479698273817,20.7003871873743,12.863367831442,"AIC_Cub",""
"213","33_1",NA,NA,14.8525175675699,2.07739912316736,2.07739912132011,8.94287379671373,26.4796255922243,28.4447646687698,NA,NA,15.838640454251,3.06352200984846,3.06352200800121,9.73177210605861,27.0712993242329,29.2336629781146,"AIC_Gom_mult",""
"214","34_1",NA,NA,1.88583327327215,4.48365541595234,4.48365541584082,2.57133656161851,10.8026485151799,12.7943949570626,NA,NA,2.87195615995325,5.46977830263344,5.46977830252192,3.36023487096339,11.3943222471885,13.5832932664075,"AIC_Cub",""
"215","35_1",NA,NA,6.0291543405375,3.21646014129202,3.21646014111573,2.58586483851139,20.7819621267419,22.155815992618,NA,NA,5.75870508581407,2.94601088656858,2.9460108863923,2.36950543473265,20.6196925739079,21.9394565888393,"AIC_Log",""
"216","36_1",NA,NA,15.0731319977357,13.8378435915248,13.8378435911114,10.0336963346998,38.4768058003909,40.3990592636739,NA,NA,17.8978787850434,16.6625903788325,16.662590378419,12.293493764546,40.1716538727755,42.6588566935201,"AIC_Log",""
"217","37_1",NA,NA,21.5432383944632,6.43396978269852,6.43396978258997,11.2489115221405,33.7536468284304,26.0076379526931,NA,NA,23.9677716434032,8.85850303163853,8.85850303152997,13.1885381212925,35.2083667777944,27.9472645518452,"AIC_Gom_mult",""
"218","38_1",NA,NA,6.41739859797466,11.8778183772622,11.8778183763421,8.62127961719521,23.4101197775607,23.6294307141551,NA,NA,7.93032406294489,13.3907438422325,13.3907438413123,9.8316199891714,24.3178750565428,24.8397710861313,"AIC_Cub",""
"219","39_1",NA,NA,1.79723755397914,-11.9082904889921,-11.9082904890063,-5.88308793698964,22.002731224734,18.11455843886,NA,NA,3.31016301894937,-10.3953650240218,-10.3953650240361,-4.67274756501345,22.9104865037161,19.3248988108362,"AIC_Gom_mult",""
"220","4_1",-237.17823208679,-60.5988270404112,-62.0001762090161,-60.3690157283528,NA,-61.4859018437535,-29.2452439246915,-62.0602391146521,-230.517209535914,-53.9378044895352,-55.3391536581401,-53.7079931774768,NA,-56.1570838030527,-25.2486303941658,-56.7314210739513,"AIC_Bar",""
"221","40_1",NA,NA,4.39134554721773,7.73732969179578,7.73732969164038,4.95317189934894,11.6102874424645,11.3688456646046,NA,NA,4.78855325561691,8.13453740019496,8.13453740003956,5.27093806606829,11.848612067504,11.686611831324,"AIC_Cub",""
"222","41_1",NA,NA,4.46746789109194,NA,NA,4.32127555880851,20.1928997356238,6.56449175471422,NA,NA,3.42626523723221,NA,NA,3.48831343572073,19.568178143308,5.73152963162644,"AIC_Log",""
"223","42_1",NA,NA,15.5383799487855,19.3817688892582,NA,18.1730182531334,36.7941239778527,37.8701328270149,NA,NA,18.3631267360932,22.2065156765658,NA,20.4328156829795,38.4889720502374,40.1299302568611,"AIC_Cub",""
"224","43_1",NA,NA,8.23072200396878,7.4803099805885,4.32249409801129,5.97541728037725,29.921573733642,18.753926733899,NA,NA,10.6552552529088,9.90484322952851,6.74702734695129,7.91504387952925,31.376293683006,20.693553333051,"AIC_Gom_mult",""
"225","44_1",NA,NA,5.80451474931267,-0.938491432367668,-0.938491432709059,2.94094714796142,17.5241356793468,9.81882742847906,NA,NA,6.79063763599377,0.0476314543134304,0.0476314539720395,3.7298454573063,18.1158094113554,10.6077257378239,"AIC_Gom_mult",""
"226","45_1",NA,NA,13.5661187854461,-12.0499493234624,-12.049949323549,0.113154810900594,24.9512169042686,18.3627761920595,NA,NA,15.0790442504163,-10.5370238584921,-10.5370238585788,1.32349518287678,25.8589721832508,19.5731165640357,"AIC_Gom_mult",""
"227","46_1",NA,NA,5.00976218115178,NA,NA,5.80015370200149,11.096438274801,4.13246722107593,NA,NA,3.96855952729205,NA,NA,4.96719157891371,10.4717166824852,3.29950509798815,"AIC_Qua",""
"228","47_1",NA,NA,1.75859186515959,NA,NA,-3.60857183406895,19.2307172951025,1.89481021524502,NA,NA,0.717389211299869,NA,NA,-4.44153395715673,18.6059957027867,1.06184809215724,"AIC_Log",""
"229","48_1",NA,NA,4.78735401280162,1.5664765836054,1.56647658353665,2.80409399125447,22.0631010755055,24.0605134349768,NA,NA,7.98264066087791,4.76176323168169,4.76176323161294,5.36032330971551,23.9802730643512,26.6167427534378,"AIC_Gom_mult",""
"230","49_1",NA,NA,5.69555716268508,-12.242813231787,-12.2428132323622,19.3035306520444,37.8359999998019,9.08572606171651,NA,NA,9.86162388296616,-8.07674651150596,-8.07674651208108,22.6363840282693,40.3356400319706,12.4185794379414,"AIC_Gom_mult",""
"231","5_1",NA,-23.0511997558131,-8.5575370436151,10.0535258644574,NA,-19.1349465442855,9.94518103516077,-0.118327008004742,NA,-17.828587567196,-3.33492485499798,15.2761380530745,NA,-14.9568567933918,13.078748348331,4.05976274288895,"AIC_Bar_mult",""
"232","50_1",107.283216551066,NA,12.6454397412867,19.96204696275,-9.72511635628241,0.746328960442149,31.0169575255123,18.1252804010274,107.680424259465,NA,13.0426474496859,20.3592546711491,-9.32790864788323,1.06409512716149,31.2552821505518,18.4430465677467,"AIC_Gom_mult",""
"233","52_1",34.7940666851121,NA,-6.47445355243325,-42.2126828494502,-42.2126828495164,4.07027496407798,8.14690703534117,9.38017851899454,35.1912743935113,NA,-6.07724584403407,-41.815475141051,-41.8154751411172,4.38804113079732,8.38523166038068,9.69794468571389,"AIC_Gom_mult",""
"234","53_1",NA,NA,8.19545187916641,-9.07588142713052,-9.07588143298997,-4.81016311891673,35.265883480794,12.1530866599452,NA,NA,10.1849282431583,-7.08640506313867,-7.08640506899811,-3.21858202772325,36.4595692991891,13.7446677511387,"AIC_Gom_mult",""
"235","54_1",NA,NA,16.5658131433418,-32.0493661967668,-32.0493662003299,26.3989466284595,37.5782344507003,19.6465221034415,NA,NA,19.7610997914181,-28.8540795486905,-28.8540795522536,28.9551759469205,39.4954064395461,22.2027514219025,"AIC_Gom_mult",""
"236","55_1",NA,NA,5.46241206152595,-3.19952017267656,-3.19952017884328,-2.59172447863786,24.5693382474464,10.1510704699729,NA,NA,5.85961976992513,-2.80231246427738,-2.8023124704441,-2.27395831191852,24.8076628724859,10.4688366366923,"AIC_Gom_mult",""
"237","56_1",114.375070993157,NA,18.6463513492584,2.67702990175945,2.67702990007328,10.4067303328173,26.7126164421393,19.0365601624038,115.361193879838,NA,19.6324742359395,3.66315278844055,3.66315278675438,11.1956286421622,27.3042901741479,19.8254584717487,"AIC_Gom_mult",""
"238","57_1",NA,NA,33.9296524684069,29.3121425828892,29.3121425814003,29.1583730915142,34.4159300337637,31.9644884007099,NA,NA,34.915775355088,30.2982654695703,30.2982654680814,29.9472714008591,35.0076037657723,32.7533867100548,"AIC_Log",""
"239","58_1",NA,NA,25.4275291991828,-15.3404911779108,-15.3404911781845,13.4033366558933,28.205131677945,27.8549283946002,NA,NA,26.9404546641531,-13.8275657129405,-13.8275657132143,14.6136770278695,29.1128869569271,29.0652687665764,"AIC_Gom_mult",""
"240","59_1",-115.012777484781,NA,-154.452622665459,-153.466689438069,NA,-155.713467202684,-157.318772940211,-156.329578794541,-110.290582588949,NA,-149.730427769627,-148.744494542237,NA,-151.935711286019,-154.485456002712,-152.551822877875,"AIC_OLS",""
"241","6_1",-40.1675495070368,34.4880162549511,11.4414189094267,25.0294109997999,14.2408466785259,12.8797595480601,30.0273659211767,19.1071858214639,-37.3428027197291,37.3127630422588,14.2661656967344,27.8541577871076,17.0655934658336,15.1395569779062,31.7222139935613,21.36698325131,"AIC_Bar",""
"242","60_1",96.1880241705637,NA,3.83437762978514,-3.09236510381135,-3.09236510676805,-4.09194376516884,24.1347973931029,16.2790522777052,96.5852318789629,NA,4.23158533818432,-2.69515739541217,-2.69515739836887,-3.7741775984495,24.3731220181424,16.5968184444245,"AIC_Log",""
"243","61_1",NA,NA,14.547419601498,9.71213227033075,8.51636921666626,13.956491451876,26.365677737978,18.4579957799479,NA,NA,14.9446273098971,10.1093399787299,8.91357692506544,14.2742576185953,26.6040023630176,18.7757619466673,"AIC_Gom_mult",""
"244","62_1",NA,NA,16.1630688366552,24.4839274253995,-0.225401194733337,2.1513760795298,26.3798252444295,23.4137014883783,NA,NA,15.8926195819318,24.2134781706761,-0.495850449456771,1.93501667575105,26.2175556915954,23.1973420845995,"AIC_Gom_mult",""
"245","63_1",104.824912742634,NA,-9.82443367867546,-17.8345415176145,-17.8345415223211,-16.3872702624428,31.3624102364025,-4.71315373662691,108.990979462915,NA,-5.65836695839438,-13.6684747973334,-13.66847480204,-13.0544168862179,33.8620502685711,-1.38030036040204,"AIC_Gom_mult",""
"246","64_1",-104.569568279416,NA,-140.508543442499,-141.410977298837,NA,-140.228797114097,-142.221944143977,-141.953030129755,-100.117709489936,NA,-136.056684653018,-136.959118509356,NA,-136.667310082513,-139.550828870289,-138.39154309817,"AIC_OLS",""
"247","65_1",NA,NA,15.3183857688122,-3.69268155223425,-3.69268155235108,3.34314175598257,24.3133440755679,14.3839797482251,NA,NA,15.0479365140887,-3.96313080695768,-3.96313080707451,3.12678235220382,24.1510745227339,14.1676203444464,"AIC_Gom_mult",""
"248","66_1",NA,NA,6.12581214551421,-3.57463606022032,-3.86052927776552,1.7273354906018,28.5809341848329,21.2601741639988,NA,NA,6.52301985391339,-3.17742835182114,-3.46332156936634,2.04510165732115,28.8192588098724,21.5779403307181,"AIC_Gom_mult",""
"249","67_1",NA,NA,3.77473010013543,-28.8673162332081,-28.8673162332306,-7.0182169251743,27.8553196064828,20.2949720515487,NA,NA,4.17193780853461,-28.4701085248089,-28.4701085248314,-6.70045075845495,28.0936442315223,20.612738218268,"AIC_Gom_mult",""
"250","68_1",NA,NA,12.7913519357481,-4.06810911750949,-4.06810912582496,15.9042243274815,28.2918266101927,30.2765195601638,NA,NA,15.9866385838244,-0.872822469433194,-0.872822477748663,18.4604536459425,30.2089985990384,32.8327488786248,"AIC_Gom_mult",""
"251","69_1",NA,NA,9.10018610664904,-1.21642423653399,-1.2164242431023,7.79024656681738,17.8222213632302,19.6777681925767,NA,NA,13.2662528269301,2.94964248374709,2.94964247717878,11.1230999430422,20.3218613953988,23.0106215688016,"AIC_Gom_mult",""
"252","7_1",-60.5488024230518,-8.96858856564703,31.7225468764987,35.9830552896689,-9.14051373384862,-9.37166926733602,40.0704166679486,36.7575084714066,-56.6858588118529,-5.10564495444813,35.5854904876976,39.8459989008678,-5.27757012264972,-6.28131437837689,42.3881828346679,39.8478633603658,"AIC_Bar",""
"253","70_1",NA,NA,15.2562659668303,-4.33541998601232,-4.33541998602531,-0.37742124183851,31.325250065699,14.3270141984682,NA,NA,16.2423888535114,-3.34929709933122,-3.34929709934421,0.411477067506368,31.9169237977077,15.1159125078131,"AIC_Gom_mult",""
"254","71_1",-45.5244814625848,NA,-69.3385633311342,-66.8790247317198,-65.7980211391003,-68.2245194052257,-69.5796155872478,-70.798529834763,-44.0115559976145,NA,-67.825637866164,-65.3660992667496,-64.2850956741301,-67.0141790332495,-68.6718603082657,-69.5881894627868,"AIC_Qua",""
"255","72_1",-88.0834143045633,NA,-120.865018187593,-120.974747852635,NA,-117.347292547463,-119.291022960618,-122.256074929369,-84.2204706933644,NA,-117.002074576394,-117.111804241436,NA,-114.256937658504,-116.973256793899,-119.165720040409,"AIC_Qua",""
"256","73_1",NA,NA,21.7203746978546,13.7546582832881,13.7546582639862,14.9520486466188,36.8578923554425,19.7334500280879,NA,NA,24.1449079467946,16.1791915322281,16.1791915129262,16.8916752457708,38.3126123048065,21.6730766272399,"AIC_Gom_mult",""
"257","74_1",NA,NA,5.23510527648996,-8.09932943583664,-8.0993294358445,-8.20759352656926,36.0861671342462,4.82016789700418,NA,NA,9.95730017232216,-3.37713454000444,-3.37713454001229,-4.4298376099035,38.9194840717455,8.59792381366994,"AIC_Log",""
"258","75_1",95.1303702490511,NA,14.6208036416386,-4.35522082369273,-4.35522082410766,6.22419061380161,22.6715162475417,12.6489670276381,94.8599209943277,NA,14.3503543869152,-4.62567007841616,-4.6256700788311,6.00783121002287,22.5092466947077,12.4326076238594,"AIC_Gom_mult",""
"259","76_1",NA,NA,18.7573794251558,32.560317819412,-9.10856156248558,4.86534736922269,37.1983251444863,22.2408524531915,NA,NA,20.270304890126,34.0732432843823,-7.59563609751535,6.07568774119887,38.1060804234684,23.4511928251676,"AIC_Gom_mult",""
"260","77_1",-90.49028614433,NA,-131.182672327927,-129.376284055143,-124.846310531426,-126.840359057711,-127.007117034635,-130.020152558343,-86.3242194240489,NA,-127.016605607646,-125.210217334862,-120.680243811145,-123.507505681486,-124.507477002466,-126.687299182118,"AIC_Cub",""
"261","78_1",NA,NA,15.5829444731514,5.28770866168913,5.28770866095974,5.01653137268472,41.6782900145393,19.7641196032686,NA,NA,18.407691260459,8.11245544899681,8.11245544826743,7.27632880253086,43.373138086924,22.0239170331148,"AIC_Log",""
"262","79_1",68.8440080694569,NA,-1.01800560840046,-31.5441725466023,-31.5441725466103,-15.1877171295936,23.4393175672113,2.7616781438447,71.6687548567646,NA,1.80674117890723,-28.7194257592946,-28.7194257593026,-12.9279196997475,25.1341656395959,5.02147557369084,"AIC_Gom_mult",""
"263","8_1",-213.32383461371,-68.6438935042072,-61.775008915021,-66.0215269756814,NA,-66.9549256748581,9.46453706259257,-40.746238484141,-206.662812062834,-61.9828709533312,-55.113986364145,-59.3605044248053,NA,-61.6261076341573,13.4611505931182,-35.4174204434402,"AIC_Bar",""
"264","80_1",NA,NA,19.5211844295662,2.57604891103105,2.576048904576,2.78591223680568,54.1516014834622,42.2838870878542,NA,NA,22.7164710776425,5.77133555910734,5.7713355526523,5.34214155526671,56.068773472308,44.8401164063152,"AIC_Gom_mult",""
"265","81_1",NA,NA,26.8666747560846,1.30261810534255,1.30261810534212,8.51313987122656,43.4547298011518,32.8977142894236,NA,NA,28.8561511200764,3.2920944693344,3.29209446933398,10.10472096242,44.6484156195469,34.4892953806171,"AIC_Gom_mult",""
"266","82_1",NA,NA,-117.566843482464,-117.793456529149,NA,-117.451514053417,-118.367939957386,-118.81494368093,NA,NA,-113.703899871265,-113.93051291795,NA,-114.361159164458,-116.050173790667,-115.724588791971,"AIC_Qua",""
"267","83_1",64.19971106921,NA,-25.6402010599539,-28.8637710840622,-28.8637710842149,-15.6371071934936,25.3493026008534,4.26643262499754,65.1858339558911,NA,-24.6540781732728,-27.8776481973811,-27.8776481975338,-14.8482088841488,25.9409763328621,5.05533093434242,"AIC_Gom_mult",""
"268","84_1",-85.9280281548673,9.18569990807987,1.19714241741023,46.8571001738237,NA,9.23881909582324,54.7272654779033,25.1707220210075,-80.4728158880757,14.6409121748714,6.65235468420181,52.3123124406152,NA,13.6029889092565,58.0003928379782,29.5348918344407,"AIC_Bar",""
"269","85_1",-78.4550324721885,-4.31836828398079,19.9984625424581,19.5396887269694,-9.16207377377916,-13.8324765714551,39.4805255847369,29.6443227064742,-75.2597458241122,-1.1230816359045,23.1937491905344,22.7349753750457,-5.96678712570286,-11.2762472529941,41.3976975735827,32.2005520249353,"AIC_Bar",""
"270","86_1",-83.4544043613986,37.9322827049234,68.6915451072209,70.4743101015939,15.7123616689979,0.173861164288798,71.9448362323162,70.7244053508501,-79.9141533558875,41.4725337104345,72.2317961127319,74.0145611071049,19.252612674509,3.00606196869764,74.0689868356229,73.556606155259,"AIC_Bar",""
"271","87_1",NA,59.5056133372781,59.9490517711339,57.2768713683616,NA,58.695135250292,58.0314856159177,58.0331050704236,NA,65.7960960273855,66.2395344612413,63.567354058469,NA,63.727521402378,61.8057752299821,63.0654912225095,"AIC_Gom",""
"272","88_1",-141.714203195866,3.96182280111731,14.1609479363759,15.2457803457625,-1.011509921629,-0.592326315466629,51.0100093419349,29.5651551681076,-136.491591007249,9.18443498973442,19.383560124993,20.4683925343796,4.21110226698811,3.58576343542706,54.1435766551051,33.7432449190013,"AIC_Bar",""
"273","89_1",-98.5509429799479,66.4093847107622,35.1286186768716,15.4037498359045,14.8473186240186,8.73869946264301,46.6876671738599,40.0483421889596,-95.0106919744369,69.9496357162733,38.6688696823827,18.9440008414156,18.3875696295297,11.5709002670518,48.8118177771665,42.8805429933685,"AIC_Bar",""
"274","9_1",NA,26.8345173637856,53.6620360508195,67.8628587416863,22.1063072766671,16.0289103215326,71.5164807016152,62.25453404428,NA,32.9288964881266,59.7564151751605,73.9572378660273,28.2006864010081,20.9044136210054,75.1731081762198,67.1300373437528,"AIC_Log",""
"275","90_1",-77.1469436674921,7.42234883712747,40.711131567785,39.500385544334,5.11137327386762,4.86368675678708,51.1191603229137,45.9381237843637,-72.980876947211,11.5884155574086,44.8771982880661,43.666452264615,9.2774399941487,8.19654013301194,53.6188003550823,49.2709771605885,"AIC_Bar",""
"276","91_1",NA,39.3062124224773,36.2797986832155,37.2125663633463,39.0611351643483,37.3101250115742,35.3707266816796,37.157623611001,NA,40.8191378874476,37.7927241481858,38.7254918283166,40.5740606293185,38.5204653835504,36.2784819606618,38.3679639829772,"AIC_OLS",""
"277","92_1",-109.407939450031,-52.3361011031451,-26.8033605419367,21.3950939877903,NA,-31.6499407120972,28.9776477088403,6.11943030876093,-104.185327261413,-47.113488914528,-21.5807483533196,26.6177061764074,NA,-27.4718509612035,32.1112150220106,10.2975200596546,"AIC_Bar",""
"278","93_1",-52.9981347296525,-14.8743341592109,17.1555460547559,3.12724940976704,2.73166422125837,-12.1331523050292,30.1574469740285,22.4132248315058,-50.5736014807125,-12.4498009102709,19.5800793036959,5.55178265870704,5.15619747019837,-10.1935257058772,31.6121669233925,24.3528514306578,"AIC_Bar",""
"279","94_1",-60.824664640355,52.2962029659626,28.8998253302938,30.6821269747295,8.10916499446576,-2.08593799949969,36.5183267067216,31.0294615861609,-57.6293779922787,55.4914896140389,32.0951119783701,33.8774136228058,11.304451642542,0.470291318961346,38.4354986955674,33.5856909046219,"AIC_Bar",""
"280","95_1",-204.295709894208,58.268578871569,-40.7896873322189,-72.7695353193176,NA,-100.474003576734,42.9776836677899,3.58475451363044,-197.634687343332,64.9296014224451,-34.1286647813428,-66.1085127684416,NA,-95.1451855360333,46.9742971983155,8.91357255433125,"AIC_Bar",""
"281","96_1",-28.9480096002254,8.35418313886595,-5.2754962297455,43.2865089545759,8.54704446777451,12.6577193850405,57.5507467351575,24.5564491714035,-23.2705385205797,14.0316542185117,0.401974849900247,48.9639800342216,14.2245155474203,17.1996962487571,60.957229382945,29.0984260351201,"AIC_Bar",""
"282","97_1",-30.5794091155582,-7.62660052199675,23.769722650314,33.5124641927167,-9.94385300110864,-5.86944070299797,41.8513578254626,30.8794999795737,-27.0391581100471,-4.0863495164857,27.3099736558251,37.0527151982277,-6.40360199559759,-3.03723989858913,43.9755084287692,33.7117007839826,"AIC_Bar",""
"283","98_1",-87.6736531879383,-22.2124212305007,37.9702577656841,40.8209873916382,-25.1638809743633,-4.59978525278971,51.4382905371802,45.7338730850697,-83.5075864676572,-18.0463545102196,42.1363244859652,44.9870541119193,-20.9978142540823,-1.26693187656485,53.9379305693488,49.0667264612945,"AIC_Bar",""
"284","99_1",-190.150664617215,-90.5609209953739,-66.8614027811907,-86.972842825105,NA,-83.327376573243,25.123707111488,-28.7787215577848,-183.489642066339,-83.8998984444979,-60.2003802303147,-80.311820274229,NA,-77.9985585325422,29.1203206420136,-23.449903517084,"AIC_Bar",""
