"","ID_no_Rep_dup","r.squared","adj.r.squared","sigma","statistic","p.value","df","logLik","AIC","BIC","deviance","df.residual","nobs"
"1","1_1",0.00186668965036809,-0.0506666424732967,0.39619714780731,0.0355334332490817,0.852481067337446,1,-9.30412266654324,24.6082453330865,27.7418126462567,2.9824714186823,19,21
"2","10_1",0.162853757026588,0.0930915701121373,0.864241695868172,2.33441301412031,0.152462906217895,1,-16.7434453841343,39.4868907682686,41.4040627571144,8.96296450652513,12,14
"3","100_1",0.174941669430261,0.135653177498369,0.859687016769917,4.4527458507068,0.0470141131773185,1,-28.1121123451904,62.2242246903807,65.6307073381682,15.520297102858,21,23
"4","101_1",0.478381626040516,0.441123170757696,0.918323661750579,12.8395453437141,0.00299655956947688,1,-20.2714793456746,46.5429586913491,48.8607248580685,11.8064568682339,14,16
"5","102_1",0.372258411372038,0.330408972130174,0.940939264412131,8.89518278179577,0.00929851890253199,1,-22.0231647019252,50.0463294038503,52.545969436019,13.2805004896866,15,17
"6","103_1",0.858383859121603,0.852937084472433,0.286024402652942,157.594891364294,1.5324223214666e-12,1,-3.6457791800355,13.291558360071,17.2881718905966,2.12705893173729,26,28
"7","104_1",0.152283879467567,0.115426656835722,0.884285889815829,4.13172422102128,0.0537880347101102,1,-31.356821621891,68.7136432437821,72.3702707183867,17.9851153033296,23,25
"8","105_1",0.348093356622015,0.30152859638073,1.08841755117492,7.4754676029319,0.0161399626317429,1,-22.9903630456863,51.9807260913725,54.2984922580919,16.5851387198786,14,16
"9","106_1",0.066979209684395,0.00866541028966961,1.33926866372379,1.1485996518768,0.29974271871759,1,-29.7390727261865,65.4781454523731,68.1492607260616,28.6982488581201,16,18
"10","107_1",0.00356450763067015,-0.034759934383535,0.41935528750007,0.0930087287206676,0.762814498182414,1,-14.3597375682909,34.7194751365819,38.7160886671075,4.57233028601093,26,28
"11","108_1",0.0818776491487775,0.0381575372034811,0.968647327923566,1.87276851557985,0.185621925244556,1,-30.8567529901072,67.7135059802145,71.1199886280019,19.7038305637627,21,23
"12","109_1",0.436404074065628,0.393050541301445,0.956231180092234,10.0661709955543,0.0073432614553854,1,-19.5394880459996,45.0789760919992,47.2031266953059,11.8869149071476,13,15
"13","11_1",0.0899063990710431,0.0248997132904034,0.969968874894696,1.38303311407731,0.259196396459791,1,-21.1469046584873,48.2938093169745,50.6115754836939,13.1717546557028,14,16
"14","110_1",0.00151835787187805,-0.0650470849366633,1.05601762821503,0.0228100018239978,0.881964578677898,1,-23.9846512843835,53.9693025687671,56.4689426009357,16.7275984665136,15,17
"15","111_1",0.316240180717643,0.288889787946349,0.48372508257378,11.5625462260109,0.00226470384649568,1,-17.6639256300714,41.3278512601429,45.2153618581559,5.84974888777526,25,27
"16","112_1",0.414424352663737,0.391902212381573,0.720997090972311,18.4007535461421,0.000218945409623382,1,-29.5334023798805,65.066804759761,69.0634182902866,13.5157569349539,26,28
"17","113_1",0.652075559129825,0.628880596405146,0.712268355822362,28.1128090986776,8.86858904555966e-05,1,-17.2899592656612,40.5799185313224,43.0795585634911,7.60989316058836,15,17
"18","114_1",0.232704488594156,0.177897666350881,0.892026279166153,4.24590368624613,0.0584340801052417,1,-19.8066104160787,45.6132208321575,47.9309869988768,11.1399523581222,14,16
"19","115_1",0.278205569558499,0.250444245310748,0.391124173716559,10.0213364130512,0.00392239781426986,1,-12.4083220114276,30.8166440228552,34.8132575533808,3.97743110090199,26,28
"20","116_1",0.940126233291113,0.931572838046986,0.294798306078484,109.912637784002,1.56543612249603e-05,1,-0.646357089404936,7.29271417880987,7.88438791081853,0.608342288867204,7,9
"21","117_1",0.900979552581223,0.881175463097467,0.325375403802819,45.4946213669789,0.00108693262091895,1,-0.895487181848942,7.79097436369788,7.62870481086382,0.529345766999239,5,7
"22","118_1",0.991964376017626,0.990357251221151,0.182001740136255,617.229214677931,1.97096224854563e-06,1,3.17125631108138,-0.342512622162762,-0.504782174996823,0.165623167063125,5,7
"23","119_1",0.930939204780474,0.913674005975592,0.554860682366427,53.9199817680211,0.00183137176282801,1,-3.76300655784124,13.5260131156825,12.9012915233666,1.23148150734455,4,6
"24","12_1",0.631297620932675,0.617116760199316,0.334901485129881,44.5175813233697,4.44928293601532e-07,1,-8.06303910953164,22.1260782190633,26.1226917495889,2.9161341232972,26,28
"25","120_1",0.857495927739852,0.828995113287822,0.9260403070093,30.086716615875,0.00274751587763594,1,-8.2170542838901,22.4341085677802,22.2718390149461,4.28775325102939,5,7
"26","121_1",0.917818016422483,0.897272520528104,0.539480379298975,44.6724684155021,0.00260547956187265,1,-3.59434269539649,13.188685390793,12.5639637984771,1.16415631859426,4,6
"27","122_1",0.99252429422421,0.990655367780262,0.160445999232409,531.066536855125,2.10097605992192e-05,1,3.68155120353144,-1.36310240706288,-1.98782399937871,0.102971674678745,4,6
"28","125_1",0.870183930175269,0.837729912719087,0.904895947624325,26.8128262194391,0.00661491906234193,1,-6.69762397354501,19.39524794709,18.7705263547742,3.2753467041077,4,6
"29","126_1",0.985850069271357,0.982312586589196,0.145961643995862,278.686896261822,7.54396862784297e-05,1,4.24923254997156,-2.49846509994311,-3.12318669225895,0.0852192060718985,4,6
"30","127_1",0.428861427948477,0.40982347554676,0.628634399616002,22.5266572212771,4.76588917379442e-05,1,-29.5188429022164,65.0376858044328,69.434893512832,11.8554362514171,30,32
"31","128_1",0.219746319333095,0.164013913571173,0.852038201231199,3.94288235594582,0.0670140559341104,1,-19.0727827337641,44.1455654675282,46.4633316342476,10.1635673490022,14,16
"32","129_1",0.120290844668625,0.0653090224604136,1.14697425512936,2.18782935591139,0.158523466439237,1,-26.9491393417422,59.8982786834845,62.569393957173,21.0487990708728,16,18
"33","13_1",0.880316066901347,0.867017852112607,1.10188386689906,66.198063490957,1.93367539614263e-05,1,-15.5718695738308,37.1437391476617,38.3374249660568,10.9273325051918,9,11
"34","130_1",0.459975956817833,0.439205801310827,0.387888796709402,22.1460044756366,7.30421763057191e-05,1,-12.1757428875715,30.3514857751431,34.3480993056687,3.91190068392936,26,28
"35","131_1",0.405668933554175,0.385857898005981,0.797554869994248,20.4769171488945,8.87157369713276e-05,1,-37.1348681102909,80.2697362205818,84.666943928981,19.0828131195462,30,32
"36","132_1",0.246822247578643,0.193023836691403,0.836180558197117,4.58790963353873,0.050265521203649,1,-18.7721940220739,43.5443880441478,45.8621542108671,9.78877096269579,14,16
"37","133_1",0.122668328191398,0.064179550070825,0.884393880549467,2.09729681715217,0.16813940854251,1,-20.9695716104676,47.9391432209352,50.4387832531038,11.7322880393002,15,17
"38","134_1",0.00286757043612788,-0.0354836768547904,0.421266281358978,0.0747712431456419,0.786672918412369,1,-14.4870431769192,34.9740863538383,38.9706998843639,4.61409727506057,26,28
"39","135_1",0.961680989094104,0.95894391688654,1.28231580857084,351.353897948494,2.58485440606124e-11,1,-25.6134480894866,57.2268961789733,59.5446623456926,23.0206736607495,14,16
"40","136_1",0.926830294181423,0.922257187567762,1.58744964774869,202.669732521157,1.66863855571293e-10,1,-32.7991634766825,71.5983269533649,74.2694422270534,40.3199421461988,16,18
"41","137_1",0.933023368965065,0.928239323891141,1.57412918501774,195.028130911775,1.30531194873901e-09,1,-28.8940009258222,63.7880018516444,66.1057680183638,34.6903576757446,14,16
"42","138_1",0.960978310679379,0.957430884377505,1.37125836794486,270.894510245795,4.27430672597404e-09,1,-21.4648242364767,48.9296484729533,50.6244965453379,20.6838446282468,11,13
"43","139_1",0.838828558050175,0.818682127806447,0.440503548861282,41.6365851370277,0.000197756500431808,1,-4.87529980347991,15.7505996069598,16.658354885942,1.55234701247507,8,10
"44","14_1",0.944401522709032,0.936458883096037,0.746193905782229,118.902728655074,1.20578140273443e-05,1,-9.00460380449352,24.009207608987,24.6008813409957,3.89763741518577,7,9
"45","140_1",0.897295571560798,0.887025128716877,2.00547917924964,87.3667849767517,2.9411379882889e-06,1,-24.2839293498794,54.5678586997587,56.0225786491227,40.2194673840381,10,12
"46","141_1",0.800946295403117,0.782850504076128,2.64941973113772,44.261468367428,3.59692247515645e-05,1,-30.0267777876551,66.0535555753103,67.7484036476949,77.2136740291607,11,13
"47","142_1",0.87519181158617,0.862710992744787,1.96514422522139,70.1229480780759,7.87453980755152e-06,1,-24.0401207339367,54.0802414678733,55.5349614172373,38.61791825921,10,12
"48","143_1",0.847573739779558,0.828520457252003,2.54225771647132,44.4843946733996,0.000157566280322704,1,-22.4041930852416,50.8083861704833,51.7161414494654,51.7045943756639,8,10
"49","144_1",0.949786631158846,0.942613292752967,0.67418191543186,132.405105882141,8.42295326646064e-06,1,-8.09123416900538,22.1824683380108,22.7741420700194,3.1816487856676,7,9
"50","145_1",0.855851247260343,0.847371908863892,2.20722336909905,100.93372940731,1.44626930196903e-08,1,-40.9461598964515,87.8923197929029,90.7256367304022,82.8211950186487,17,19
"51","146_1",0.81394255337017,0.812693845674668,1.09458748134926,651.82793082957,2.80138032865662e-56,1,-226.900048935197,459.800097870394,468.851937380838,178.520141394652,149,151
"52","147_1",0.807454584096795,0.805215683911874,1.23529980023867,360.647870563864,1.63541147742093e-32,1,-142.45065717891,290.90131435782,298.333324801254,131.233041296394,86,88
"53","148_1",0.871127348625637,0.86991156889569,1.09625222248383,716.517414436366,5.70360705596227e-49,1,-162.160893945223,330.321787890447,338.368181571819,127.387507141878,106,108
"54","149_1",0.747477317336565,0.744574757765721,1.58776737973403,257.523506096103,9.83030683685321e-28,1,-166.421391336791,338.842782673582,346.308691782779,219.327456936831,87,89
"55","15_1",0.930051506475557,0.920058864543494,0.709216063374204,93.0736348603974,2.70913930221312e-05,1,-8.5471763761571,23.0943527523142,23.6860264843229,3.52091197183602,7,9
"56","150_1",0.842657310319343,0.811188772383211,0.208382703295642,26.777771246621,0.00354087764063822,1,2.22373588692522,1.55252822614957,1.3902586733155,0.217116755163998,5,7
"57","151_1",0.894032149662586,0.872838579595103,0.191876041050382,42.1841222038516,0.0012912233787524,1,2.80142324064111,0.397153518717782,0.234883965883721,0.184082075645839,5,7
"58","152_1",0.939571613333392,0.924464516666739,0.177442480017733,62.1940558179806,0.00139790574933285,1,3.07741679803062,-0.154833596061247,-0.779555188377081,0.125943334859374,4,6
"59","153_1",0.427602516854826,0.284503146068533,0.308504817242449,2.98815092271379,0.158937622064723,1,-0.241128950642628,6.48225790128526,5.85753630896942,0.380700889047186,4,6
"60","154_1",0.804885363304942,0.76586243596593,0.140780474806216,20.6259606387932,0.00615977113711825,1,4.96895772262022,-3.93791544524043,-4.10018499807449,0.0990957104333182,5,7
"61","155_1",0.771986089544585,0.726383307453502,0.197123483363501,16.9284866875598,0.00922394397543457,1,2.61255758830539,0.774884823389225,0.612615270555165,0.194288338466803,5,7
"62","156_1",0.94190938789382,0.930291265472584,0.11871166027443,81.0724275182503,0.000282080508680604,1,6.16248733905707,-6.32497467811414,-6.4872442309482,0.0704622914255584,5,7
"63","157_1",0.837171922665468,0.804606307198562,0.181926818506098,25.7072347831478,0.00386630849274979,1,3.17413847795758,-0.348276955915165,-0.510546508749226,0.165486836458753,5,7
"64","158_1",0.159487534923028,0.119463131824125,1.40442764379416,3.98475736237519,0.0590433310806195,1,-39.4008973372615,84.801794674523,88.2082773223105,41.4207571397175,21,23
"65","159_1",0.393294770501305,0.349958682679969,1.1514714503844,9.07545628305831,0.00931681600865792,1,-23.8914157352031,53.7828314704062,56.1005976371255,18.562411014705,14,16
"66","16_1",0.960985513921515,0.956108703161704,0.585527540868884,197.052041026671,6.43656519904199e-07,1,-7.72124698701695,21.4424939740339,22.350249253016,2.7427400089277,8,10
"67","160_1",0.118780177337846,0.0600321891603696,1.41046435051189,2.02185948868603,0.175508691375617,1,-28.9046909545989,63.8093819091979,66.3090219413666,29.8411452609739,15,17
"68","161_1",0.444969609256323,0.423622286535413,0.854425178935154,20.8442817431366,0.000105819476221242,1,-34.287629758056,74.5752595161119,78.5718730466375,18.9811020463576,26,28
"69","162_1",0.0579147954452075,0.0186612452554245,0.90584948136464,1.47540273848355,0.236311321100761,1,-33.2809114889582,72.5618229779164,76.3361125919808,19.6935187893261,24,26
"70","163_1",0.632657027334514,0.604399875591016,0.823539542946803,22.3892709738542,0.000392121278566975,1,-17.298665985261,40.5973319705219,42.7214825738286,8.81682592436138,13,15
"71","164_1",0.302571670150652,0.252755360875698,1.29753106154425,6.07374722363822,0.027271978584796,1,-25.8021777951506,57.6043555903011,59.9221217570205,23.57021597941,14,16
"72","165_1",0.260179451628344,0.231724815152511,0.788228034674584,9.14365754942324,0.00555394393035538,1,-32.0296676068559,70.0593352137117,74.0559487442373,16.1538893008209,26,28
"73","166_1",0.00851270647397257,-0.032799264089612,0.955951451543981,0.206059075803959,0.653952375942565,1,-34.6805947603411,75.3611895206822,79.1354791347466,21.9322362650171,24,26
"74","167_1",0.550674936476739,0.516111470051872,1.02398438901334,15.932283229571,0.00153640356264359,1,-20.5663408917192,47.1326817834384,49.2568323867451,13.6310723762592,13,15
"75","168_1",0.148811487661204,0.0778791116329716,1.14693652798972,2.09793462440866,0.173119575651859,1,-20.7054076949472,47.4108153898943,49.3279873787401,15.7855607908454,12,14
"76","169_1",0.213360141744104,0.185265861092108,0.88367627489317,7.59443334346217,0.0101803284519001,1,-37.8233282752604,81.6466565505207,85.8502486955072,21.864745246654,28,30
"77","17_1",0.90759225212589,0.884490315157362,1.21251600721054,39.2864136614314,0.00330629869184549,1,-8.45342114829647,22.9068422965929,22.2821207042771,5.88078027096721,4,6
"78","170_1",0.171063090109533,0.131589903924272,1.1196181709569,4.33365295891441,0.0497864477028312,1,-34.1881281073692,74.3762562147383,77.7827388625258,26.3244418234745,21,23
"79","171_1",0.821350890957895,0.809440950355088,1.08670443415406,68.9634749953592,5.41994655653945e-07,1,-24.4716125942422,54.9432251884843,57.442865220653,17.7138979081513,15,17
"80","172_1",0.0835504406636504,0.0180897578539112,0.905440096737176,1.27634538897935,0.277565162495419,1,-20.0454188503111,46.0908377006222,48.4086038673416,11.477504762912,14,16
"81","173_1",0.718865524951086,0.708052660526128,0.445760181142538,66.4824321011371,1.23582316340447e-08,1,-16.069490222937,38.138980445874,42.1355939763996,5.16625561639792,26,28
"82","174_1",0.826684593789979,0.792021512547975,2.17197799335081,23.8491375887327,0.00453891211910533,1,-14.1843847945776,34.3687695891552,34.2065000363212,23.587442018001,5,7
"83","175_1",0.800735425568573,0.760882510682288,1.68310969526295,20.0922674753743,0.00650403330630956,1,-12.3994185447165,30.7988370894331,30.636567536599,14.1642912314408,5,7
"84","176_1",0.947075797112275,0.933844746390344,1.16554335461536,71.5797873514642,0.00106946599434275,1,-8.21636013749762,22.4327202749952,21.8079986826794,5.43396524595211,4,6
"85","18_1",0.931346101519316,0.923717890577018,0.995809638987566,122.092337058357,1.5500507085974e-06,1,-14.4584442232423,34.9168884464847,36.1105742648798,8.92473153390493,9,11
"86","180_1",0.856447902335456,0.840497669261617,1.07421881673097,53.695008616533,4.43148967581378e-05,1,-15.2921659085917,36.5843318171835,37.7780176355786,10.3855145959699,9,11
"87","181_1",0.926384624365683,0.919023086802251,0.860912838280879,125.841186896536,5.49174266088564e-07,1,-14.1361889040674,34.2723778081348,35.7270977574988,7.4117091511684,10,12
"88","182_1",0.93945632547264,0.93188836615672,0.774606139921282,124.136016891159,3.76644265687849e-06,1,-10.5196617218487,27.0393234436975,27.9470787226796,4.80011737602999,8,10
"89","183_1",0.967807457273191,0.963208522597932,0.58185617215895,210.441662170117,1.76436078758012e-06,1,-6.76574397358188,19.5314879471638,20.1231616791724,2.36989623555626,7,9
"90","184_1",0.616683678828032,0.52085459853504,1.0948059228587,6.43524572021934,0.0642002632426043,1,-7.84069852387108,21.6813970477422,21.0566754554263,4.79440003490595,4,6
"91","185_1",0.902778491143765,0.893940172156835,0.912762254674688,102.143687332256,6.64893828415113e-07,1,-16.1737115597026,38.3474231194053,40.0422711917899,9.16448426914702,11,13
"92","186_1",0.913916640010919,0.906090880011911,0.909448624746498,116.783116288621,3.38757704867667e-07,1,-16.1264313716235,38.2528627432471,39.9477108156317,9.09806481158626,11,13
"93","187_1",0.959839491999961,0.955823441199957,0.629771374514572,239.000834351753,2.61513309415314e-08,1,-10.3845519810234,26.7691039620468,28.2238239114108,3.96611984157973,10,12
"94","188_1",0.795136029834248,0.772373366482498,1.19274931373382,34.9315902777743,0.000226168176913029,1,-16.4435059307515,38.8870118615031,40.0806976798982,12.8038583287125,9,11
"95","189_1",0.97980686765851,0.976922134466869,0.440917850393576,339.65250945825,3.43229541226667e-07,1,-4.26946156100932,14.5389231220186,15.1305968540273,1.36085985556984,7,9
"96","19_1",0.91403452725289,0.903288843159501,0.816183542850099,85.0606177614368,1.54761494787153e-05,1,-11.0425073819994,28.0850147639988,28.992770042981,5.32924460495471,8,10
"97","190_1",0.851969611149577,0.822363533379492,1.166788572348,28.7768483811269,0.00302845861733987,1,-9.83470305892593,25.6694061178519,25.5071365650178,6.80697786280938,5,7
"98","191_1",0.876608615633107,0.861184692587246,0.762239899577664,56.8343483708129,6.67799054888284e-05,1,-10.3587281354596,26.7174562709191,27.6252115499012,4.64807731606534,8,10
"99","192_1",0.877221046625963,0.866059323591959,0.894307633564487,78.5919023392331,2.42906921958126e-06,1,-15.9081784810654,37.8163569621309,39.5112050345155,8.79764757796884,11,13
"100","193_1",0.971402748884146,0.968543023772561,0.414388487553865,339.683959464769,4.76389625053353e-09,1,-5.36191662462687,16.7238332492538,18.1785531986177,1.7171781861718,10,12
"101","194_1",0.822707425198623,0.803008250220692,1.06731042108255,41.7635472612589,0.000116432586995874,1,-15.2211954876437,36.4423909752874,37.6360767936825,10.2523638145627,9,11
"102","195_1",0.982175453251791,0.979204695460423,0.331051786134078,330.614449991722,1.78168115867367e-06,1,-1.35693627770719,8.71387255541437,8.95219718045388,0.657571710615379,6,8
"103","196_1",0.751795284614092,0.702154341536911,1.16063949622104,15.144661604136,0.0115061709099442,1,-9.79771490567549,25.595429811351,25.4331602585169,6.73542020094113,5,7
"104","197_1",0.906162252577749,0.895735836197498,0.656546381175409,86.9102306612473,6.39533259082038e-06,1,-9.87625371591785,25.7525074318357,26.9461932502308,3.87947835571073,9,11
"105","198_1",0.241224369907559,0.205092197046015,0.976404211686943,6.67616561096144,0.0173180074059441,1,-31.0402023936305,68.0804047872609,71.4868874350484,20.0206688766,21,23
"106","199_1",0.423125274436214,0.370682117566779,0.795235801114157,8.06826475930207,0.0160683804001705,1,-14.3818335406422,34.7636670812844,36.458515153669,6.95639977311043,11,13
"107","2_1",0.27606561131102,0.215737745586938,0.591692863222595,4.57608781609557,0.0536695552194784,1,-11.4393384341508,28.8786768683015,30.7958488571473,4.20120533266263,12,14
"108","20_1",0.908281150001935,0.895178457145069,0.860211103182274,69.3201893629028,7.05760453513628e-05,1,-10.2843348122132,26.5686696244265,27.1603433564351,5.17974199426645,7,9
"109","200_1",0.434788183528107,0.397107395763314,0.837938557977521,11.5387232942713,0.00398328668358335,1,-20.0522898319627,46.1045796639255,48.6042196960941,10.5321154041817,15,17
"110","201_1",0.368584250005568,0.344299028851936,0.642325904125983,15.1773067115118,0.000613127026770576,1,-26.2983022919724,58.5966045839447,62.5932181144703,10.7271467448928,26,28
"111","202_1",0.355590876401721,0.324904727658946,0.761500973344428,11.5879929861007,0.00267212335568204,1,-25.3227427598965,56.645485519793,60.0519681675805,12.1775583804947,21,23
"112","203_1",0.631348916784241,0.594483808462666,0.676155089414339,17.1259205663241,0.00201714464302845,1,-11.23733937319,28.47467874638,29.929398695744,4.57185704940912,10,12
"113","204_1",0.270532734515974,0.21441986794028,0.650759047538087,4.82122463216229,0.0468636206146003,1,-13.7665841914107,33.5331683828214,35.657318986128,5.50533539338481,13,15
"114","205_1",0.653788254524078,0.64047241815962,0.605988416309923,49.0985497740955,1.932507101719e-07,1,-24.6677238929007,55.3354477858014,59.332061316327,9.54777097824701,26,28
"115","206_1",0.95179146217216,0.942149754606592,0.199326913440032,98.7160682586098,0.00017632594244767,1,2.53474624302747,0.930507513945056,0.768237961110995,0.19865609210765,5,7
"116","207_1",0.972908785312074,0.967490542374489,0.283474201602361,179.56167645478,4.14189264860457e-05,1,0.069522212899446,5.86095557420111,5.69868602136705,0.40178811487048,5,7
"117","208_1",0.953038778788543,0.941298473485679,0.433962505433476,81.1766605895708,0.000840307448048514,1,-2.28845302515806,10.5769060503161,9.95218445800029,0.7532938244884,4,6
"118","209_1",0.854108267837555,0.824929921405066,0.788698270068982,29.2719900976478,0.00291772413714588,1,-7.0933167404259,20.1866334808518,20.0243639280177,3.11022480604903,5,7
"119","21_1",0.945922693371202,0.939163030042603,0.586089263053581,139.936361825753,2.39075738262879e-06,1,-7.73083582572013,21.4616716514403,22.3694269304224,2.74800499413351,8,10
"120","210_1",0.947471689299288,0.93433961162411,0.219754455300336,72.1494125099627,0.0010533807580828,1,1.79423093440514,2.41153813118972,1.78681653887388,0.19316808249739,4,6
"121","211_1",0.995006054691453,0.993757568364316,0.089626980632988,796.96992515192,9.3679208392325e-06,1,7.17535741225864,-8.35071482451729,-8.97543641683312,0.032131982629544,4,6
"122","214_1",0.931587846045598,0.914484807556998,0.639479115307553,54.4691428173141,0.0017967206712566,1,-4.61462797684908,15.2292559536982,14.6045343613823,1.63573415565812,4,6
"123","215_1",0.285184236166906,0.142221083400287,0.382487936978079,1.99480936624598,0.216945881047658,1,-2.02750975958298,10.055019519166,9.89274996633189,0.731485109668735,5,7
"124","217_1",0.755494494233968,0.69436811779246,1.66884183036413,12.3595498083696,0.0245470392690833,1,-10.3700151014078,26.7400302028157,26.1153086104998,11.1401322190924,4,6
"125","22_1",0.966674552539475,0.961120311296054,0.421454176005772,174.042593789842,1.1713359332253e-05,1,-3.28842618442763,12.5768523688553,12.8151769938948,1.06574173483622,6,8
"126","221_1",0.983675626386436,0.980410751663723,0.255620535056865,301.290465923021,1.16283755320648e-05,1,0.793511629496311,4.41297674100738,4.25070718817332,0.326709289713791,5,7
"127","224_1",0.987533566118509,0.984416957648136,0.27354112413241,316.861606296152,5.85233817755521e-05,1,0.480583960885651,5.0388320782287,4.41411048591286,0.29929898636649,4,6
"128","226_1",0.673713889575962,0.592142361969952,2.05123164960966,8.25917951212093,0.0452912949049475,1,-11.607878379466,29.215756758932,28.5910351666161,16.8302051214414,4,6
"129","227_1",0.970454456597974,0.965530199364303,0.429786482657153,197.076312334417,8.15074739160934e-06,1,-3.44504601121115,12.8900920224223,13.1284166474618,1.10829852404884,6,8
"130","229_1",0.731834633873753,0.664793292342191,1.72592949086321,10.9161692942737,0.0298225003291276,1,-10.571830318784,27.143660637568,26.5189390452521,11.9153304297253,4,6
"131","23_1",0.907308145244189,0.888769774293027,0.856475391849615,48.9421722995196,0.000919241688626574,1,-7.67040905544399,21.340818110888,21.1785485580539,3.66775048421976,5,7
"132","230_1",0.893299005252136,0.871958806302563,1.04170955374038,41.8599192708098,0.0013140495197545,1,-9.04095906110291,24.0819181222058,23.9196485693718,5.42579397176989,5,7
"133","233_1",0.899410883058961,0.879293059670754,0.876341064206401,44.7071666602939,0.00113118260630526,1,-7.83091745642843,21.6618349128569,21.4995653600228,3.83986830407204,5,7
"134","234_1",0.910100323181243,0.897257512207134,0.563626163863701,70.8645735747458,6.57465569121924e-05,1,-6.4792551760407,18.9585103520814,19.5501840840901,2.22372116814198,7,9
"135","235_1",0.918706922692227,0.902448307230673,0.689272122497178,56.5058522273696,0.00065926051551695,1,-6.1500829724484,18.3001659448968,18.1378963920627,2.37548029425882,5,7
"136","236_1",0.950623690831532,0.940748428997839,0.405804827493736,96.2631378125172,0.000187280029766821,1,-2.44173621630233,10.8834724326047,10.7212028797706,0.823387790086106,5,7
"137","237_1",0.957291025486983,0.946613781858729,0.292212934729083,89.6571305120168,0.000693999954793399,1,0.0843992087816199,5.83120158243676,5.20647999012093,0.341553596891934,4,6
"138","238_1",0.992699835393753,0.991239802472503,0.144751258795981,679.916062813292,1.5500515297976e-06,1,4.77425235929241,-3.54850471858482,-3.71077427141888,0.104764634615105,5,7
"139","239_1",0.93217777244499,0.915222215556237,0.51402864917836,54.9777148908241,0.00176550050021017,1,-3.30437821062852,12.608756421257,11.9840348289412,1.05690180870452,4,6
"140","24_1",0.92766966166175,0.921642133466896,0.863300211149942,153.905486904852,3.3353980043003e-08,1,-16.7281857978903,39.4563715957805,41.3735435846263,8.94344705485841,12,14
"141","240_1",0.987695588877894,0.984619486097368,0.223143717995602,321.086666911974,5.7008933631692e-05,1,1.70239956383915,2.59520087232169,1.97047928000586,0.199172475523603,4,6
"142","244_1",0.928655915057998,0.914387098069598,0.627284408824046,65.0828948057109,0.000473884919096195,1,-5.49043023401936,16.9808604680387,16.8185909152047,1.96742864776866,5,7
"143","245_1",0.919626496687289,0.911589146356018,0.634980602286781,114.419113113594,8.54560507735144e-07,1,-10.4834031200615,26.966806240123,28.421526189487,4.03200365280483,10,12
"144","246_1",0.959781987569607,0.955313319521785,0.568314617317809,214.780327672248,1.38020705142194e-07,1,-8.28875383152413,22.5775076630483,23.7711934814434,2.90683353831379,9,11
"145","247_1",0.734484353132306,0.701294897273844,0.74779268608559,22.130051069971,0.00153300061511469,1,-10.1673726048505,26.3347452097009,27.2425004886831,4.47355121090482,8,10
"146","248_1",0.992815692887688,0.991789363300215,0.242217914386624,967.345875053724,9.17267945229869e-09,1,1.12172549644376,3.75654900711247,4.34822273912113,0.410686626348641,7,9
"147","249_1",0.745492567799174,0.694591081359009,1.11594992625292,14.6457917034604,0.0122853877007222,1,-9.52285886228281,25.0457177245656,24.8834481717316,6.22672118951944,5,7
"148","25_1",0.825512765616599,0.808064042178259,1.02676743171357,47.3107828508933,4.306953222044e-05,1,-16.2503184729822,38.5006369459645,39.9553568953284,10.5425135882769,10,12
"149","250_1",0.942607116301968,0.937389581420329,0.582563077474024,180.66139234048,3.59688325390472e-08,1,-10.3362178267035,26.672435653407,28.3672837257916,3.73317713159606,11,13
"150","251_1",0.926792478940317,0.918658309933685,0.807692386518738,113.938188176904,2.07355161566998e-06,1,-12.1553210104718,30.3106420209435,31.5043278393387,5.87130292116301,9,11
"151","252_1",0.945603532169197,0.937832608193368,0.557781752056393,121.68482604005,1.11643398033427e-05,1,-6.38544420546263,18.7708884109253,19.3625621429339,2.1778433804897,7,9
"152","253_1",0.987002666104352,0.98514590411926,0.299891198186982,531.571991471581,7.32199162878322e-08,1,-0.800511986219145,7.60102397243829,8.19269770444695,0.629543115250167,7,9
"153","254_1",0.971920698523971,0.967909369741681,0.399190017728496,242.293950776367,1.09164955113077e-06,1,-3.37467220664944,12.7493444132989,13.3410181453075,1.11546869177854,7,9
"154","255_1",0.912727874874944,0.898182520687435,0.742084008630272,62.7504743513736,0.000214896310766433,1,-7.81443739146785,21.6288747829357,21.8671994079752,3.30413205518864,6,8
"155","256_1",0.926484167777846,0.920357848426,0.847309155405474,151.230145633634,3.67913590733338e-08,1,-16.4664295998049,38.9328591996099,40.8500311884556,8.61519365800726,12,14
"156","257_1",0.928851664754374,0.922383634277499,0.709556972866848,143.606568966436,1.17975498561276e-07,1,-12.899861068782,31.799722137564,33.4945702099486,5.53818207518361,11,13
"157","258_1",0.973020569538801,0.970322626492681,0.451011827337376,360.652746520411,3.55799007757441e-09,1,-6.37819247615066,18.7563849523013,20.2111049016653,2.03411668398199,10,12
"158","259_1",0.987609563548384,0.986060758991932,0.274588729860751,637.659257544276,6.47691727674747e-09,1,-0.148859290350261,6.29771858070052,7.20547385968266,0.603191764532324,8,10
"159","26_1",0.948583932354265,0.940014587746642,0.558195724289699,110.695038627632,4.33214821641302e-05,1,-5.53641503401377,17.0728300680275,17.3111546930671,1.86949479969181,6,8
"160","260_1",0.986897245339369,0.985025423244993,0.317777323937752,527.238805602628,7.53227897168136e-08,1,-1.32189244551747,8.64378489103493,9.23545862304359,0.706876993263275,7,9
"161","261_1",0.888817363300739,0.861021704125924,0.714149806552993,31.9768406178353,0.00481900252067325,1,-5.27726072159867,16.5545214431973,15.9297998508815,2.04003978479871,4,6
"162","262_1",0.946068574975673,0.941165718155279,0.664185482987392,192.96271737745,2.55075545726661e-08,1,-12.0408296346936,30.0816592693871,31.7765073417718,4.85256591392314,11,13
"163","263_1",0.317836909380675,0.283728754849708,0.777032534760172,9.31850209286801,0.00628398422674031,1,-24.6182284939715,55.236456987943,58.509584348018,12.0755912015163,20,22
"164","264_1",0.604446438631377,0.568487023961502,0.807734056405515,16.8091289633186,0.00175971027559173,1,-14.5845580155889,35.1691160311779,36.8639641035625,7.17677736465038,11,13
"165","265_1",0.366964897408583,0.318269889516935,0.839556234499487,7.5359859931664,0.0166909996079061,1,-17.5875943857228,41.1751887714456,43.2993393747522,9.16311072153046,13,15
"166","266_1",0.788365970089348,0.780226199708169,0.465997123633843,96.8535883901882,2.9542729536302e-10,1,-17.3126444341958,40.6252888683915,44.6219023989171,5.64598630011039,26,28
"167","267_1",0.138975356513849,0.0979741830145088,0.805839443533353,3.38954582644042,0.0797837366366464,1,-26.6243833828647,59.2487667657295,62.6552494135169,13.636921383837,21,23
"168","268_1",0.417082848309609,0.368506419002076,0.595074508553779,8.58611582315155,0.012599123548937,1,-11.5191235106464,29.0382470212927,30.9554190101385,4.24936404876626,12,14
"169","269_1",0.426129759311924,0.381985894643611,0.621493943215509,9.65320464154559,0.00833434730914225,1,-13.0763849681383,32.1527699362766,34.2769205395832,5.02131137889631,13,15
"170","27_1",0.948881937424705,0.942492179602793,0.558592810332815,148.500453987597,1.90649055853888e-06,1,-7.25032261125103,20.5006452225021,21.4084005014842,2.4962074220441,8,10
"171","270_1",0.477684233663387,0.457595165727364,0.577832411394667,23.7783174005205,4.65794871066559e-05,1,-23.3355681745678,52.6711363491356,56.6677498796612,8.68114768711256,26,28
"172","271_1",0.0690730946484793,0.0247432420126925,1.00929554130951,1.55816206329361,0.225673110862384,1,-31.8022206982036,69.6044413964072,73.0109240441946,21.3922272838524,21,23
"173","272_1",0.695671746574902,0.673934014187395,0.694058958861944,32.0029584582941,5.91677756689904e-05,1,-15.7915915190573,37.5831830381145,39.9009492048339,6.74404973727135,14,16
"174","273_1",0.370731861881554,0.325784137730237,0.573738343505961,8.24806748020159,0.0123053652208467,1,-12.7454560439867,31.4909120879735,33.8086782546928,4.6084596153255,14,16
"175","274_1",0.68074673759251,0.668467765961452,0.475201067010339,55.440044821888,6.6150502043845e-08,1,-17.8602838843441,41.7205677686881,45.7171812992137,5.87121740628188,26,28
"176","275_1",0.505056641280106,0.455562305408116,0.719126369065454,10.2043321196666,0.00958196238097654,1,-11.9767148976077,29.9534297952153,31.4081497445793,5.17142734685264,10,12
"177","275_2",0.498374563561989,0.448212019918188,0.81825098184559,9.93519322107935,0.0102976390261892,1,-13.5262990696756,33.0525981393512,34.5073180887152,6.69534669291273,10,12
"178","275_3",0.394461409608667,0.339412446845818,0.774998852684398,7.16564654102586,0.0215281233794837,1,-14.0467308908677,34.0934617817353,35.78830985412,6.60685543828346,11,13
"179","275_4",0.424636008515568,0.372330191107892,0.882128839572388,8.11833233014831,0.0158174086847393,1,-15.7299263399496,37.4598526798993,39.1547007522839,8.55966418565861,11,13
"180","275_5",0.417293990583144,0.364320716999794,0.75668056237495,7.877443894921,0.0170696315138641,1,-13.735766172724,33.4715323454481,35.1663804178327,6.29822020823678,11,13
"181","276_1",0.528060029156702,0.485156395443675,0.465442733733926,12.3080490731573,0.00489837206558614,1,-7.41838864078809,20.8367772815762,22.5316253539608,2.38300632224281,11,13
"182","276_2",0.623204474502567,0.588950335820983,0.414362220738884,18.1935526184346,0.00133091866321641,1,-5.907157522626,17.814315045252,19.5091631176366,1.88865654973226,11,13
"183","276_3",0.511510609798362,0.467102483416395,0.441478633731765,11.5184010556697,0.00599364206609251,1,-6.73121586858976,19.4624317371795,21.1572798095641,2.14393722445833,11,13
"184","276_4",0.505051437122302,0.466978470747095,0.581049810405738,13.2653555844596,0.0029816226794061,1,-12.0670397666262,30.1340795332523,32.258230136559,4.38904546824307,13,15
"185","276_5",0.453825323066449,0.399207855373094,0.506414910484647,8.30916082771194,0.016313764375743,1,-7.76854548368474,21.5370909673695,22.9918109167335,2.56456061561173,10,12
"186","277_1",0.393326500582521,0.325918333980579,0.885208256750593,5.83499775190724,0.0388919009308308,1,-13.1633792639648,32.3267585279296,33.5204443463247,7.05234292037481,9,11
"187","277_2",0.384841751959578,0.316490835510642,1.0600242887192,5.63038174107131,0.0417141828078054,1,-15.145845079432,36.291690158864,37.4853759772591,10.1128634340718,9,11
"188","277_3",0.489502611184042,0.43278067909338,0.94401003948428,8.6298649066051,0.0165494910373847,1,-13.8708317839005,33.7416635678009,34.9353493861961,8.02039459182401,9,11
"189","277_4",0.545566565265498,0.500123221792047,0.904002061705537,12.0054230953371,0.00607288525067149,1,-14.7222494023542,35.4444988047084,36.8992187540724,8.17219727567861,10,12
"190","277_5",0.506895091120018,0.457584600232019,0.669128810150404,10.2796602100628,0.00939252996471721,1,-11.1119887050124,28.2239774100248,29.6786973593888,4.47733364573295,10,12
"191","278_1",0.755326295831382,0.728140328701535,0.904021786190484,27.7836831120912,0.00051317305756556,1,-13.3947150299762,32.7894300599525,33.9831158783476,7.35529850916329,9,11
"192","278_2",0.76944515850511,0.743827953894567,0.875221924937763,30.0362654787255,0.000389893463959498,1,-13.0385792811021,32.0771585622043,33.2708443805994,6.89412076102587,9,11
"193","278_3",0.864389151439161,0.849321279376845,0.488639375830331,57.3663718316924,3.41764873550018e-05,1,-6.62719916275925,19.2543983255185,20.4480841439136,2.1489159565067,9,11
"194","278_4",0.709008464053846,0.67667607117094,0.945616377229583,21.9287346476819,0.00114764148288572,1,-13.889533596384,33.7790671927679,34.972753011163,8.04771299596322,9,11
"195","278_5",0.839572875583132,0.812835021513654,0.347100698945931,31.4001592424549,0.0013763206097031,1,-1.73565723628361,9.47131447256722,9.70963909760673,0.722873371252521,6,8
"196","279_1",0.665733621235382,0.628592912483758,0.801564338176388,17.924634278991,0.00219443489069321,1,-12.0715446228247,30.1430892456494,31.3367750640445,5.78254849412536,9,11
"197","279_2",0.693853921089447,0.655585661225628,0.613020004843829,18.1313162280852,0.00276856650218636,1,-8.18009048298402,22.360180965968,23.2679362449502,3.00634821070983,8,10
"198","279_3",0.723609200969082,0.692899112187869,0.670191620438834,23.5625890281291,0.000903147441657432,1,-10.1025273650516,26.2050547301033,27.3987405484984,4.04241127295787,9,11
"199","279_4",0.670910300472188,0.634344778302431,0.885913871018712,18.3481668156538,0.00203951542468057,1,-13.1721440546455,32.3442881092911,33.5379739276862,7.06359048177024,9,11
"200","279_5",0.578352579631768,0.531502866257521,1.03976253625616,12.3448477691151,0.00658207235820548,1,-14.9335509623583,35.8671019247167,37.0607877431118,9.72995518621665,9,11
"201","28_1",0.921095521606134,0.907944775207156,0.690798427090722,70.0413112428157,0.000158286476463831,1,-7.24152229862273,20.4830445972455,20.721369222285,2.86321480122609,6,8
"202","280_1",0.92458588261075,0.918301372828312,1.71681951481282,147.121400812291,4.29096265397024e-08,1,-26.35271314326,58.7054262865199,60.6225982753657,35.3696309573057,12,14
"203","281_1",0.88733427966745,0.87982323164528,2.04457267161975,118.137212949292,1.65144500469329e-08,1,-35.216278036511,76.4325560730221,78.9321961051907,62.7041611430146,15,17
"204","282_1",0.851603768049263,0.840188673283821,2.46951963910748,74.6033025172469,9.56819549799293e-07,1,-33.7711764752515,73.542352950503,75.6665035538096,79.2808542231879,13,15
"205","283_1",0.883361905735729,0.872758442620796,2.27262042431958,83.3088111082899,1.82649925413609e-06,1,-28.0324853709989,62.0649707419977,63.7598188143823,56.8128395233794,11,13
"206","284_1",0.996204364621168,0.995662130995621,0.194599195926589,1837.2235097289,9.8190582887487e-10,1,3.09178729893324,-0.183574597866474,0.408099134142184,0.265081929386924,7,9
"207","285_1",0.942064429820875,0.938845787033146,1.48701019483489,292.68996031881,1.40092830430344e-12,1,-35.2605159761064,76.5210319522129,79.5082287728748,39.8015877517723,18,20
"208","29_1",0.921689781120288,0.906027737344346,0.837457141181043,58.8486275677537,0.00059975585810702,1,-7.51322056514735,21.0264411302947,20.8641715774606,3.50667231657563,5,7
"209","3_1",0.19219777803153,0.130059145572417,0.648586985348252,3.09304808338027,0.102128095410579,1,-13.7164344047158,33.4328688094316,35.5570194127382,5.46864600832074,13,15
"210","30_1",0.960138387466325,0.956514604508719,0.59926393920201,264.954716852141,4.80721920757099e-09,1,-10.7036584981899,27.4073169963799,29.1021650687645,3.95028995710701,11,13
"211","31_1",0.901988953177086,0.892187848494795,0.85716566846932,92.0293153083855,2.3228117329748e-06,1,-14.0838442540862,34.1676885081724,35.6224084575364,7.34732983202456,10,12
"212","32_1",0.953868469037161,0.947278250328184,0.600817587869336,144.740032335776,6.24986605284112e-06,1,-7.05435672768281,20.1087134553656,20.7003871873743,2.52687241725189,7,9
"213","33_1",0.933336136108966,0.923812726981676,0.855966240986118,98.0044145572176,2.28631046573978e-05,1,-10.2398127961121,26.4796255922243,27.0712993242329,5.12874743995533,7,9
"214","34_1",0.978432029887973,0.975350891300541,0.358270313210621,317.55534589677,4.32454613946564e-07,1,-2.40132425758993,10.8026485151799,11.3943222471885,0.898503321296258,7,9
"215","35_1",0.949731194860353,0.939677433832424,0.82295975713608,94.4652645136482,0.000195923071513172,1,-7.39098106337097,20.7819621267419,20.6196925739079,3.38631380932738,5,7
"216","36_1",0.918194060859493,0.910757157301265,0.917315714394561,123.46456474397,2.55447468290818e-07,1,-16.2384029001955,38.4768058003909,40.1716538727755,9.25614931862724,11,13
"217","37_1",0.885793948441201,0.874373343285321,0.842504897578386,77.5610343191972,5.02705578959497e-06,1,-13.8768234142152,33.7536468284304,35.2083667777944,7.09814502443567,10,12
"218","38_1",0.949978204225289,0.94372547975345,0.646061377133949,151.930283911247,1.74733116690398e-06,1,-8.70505988878034,23.4101197775607,24.3178750565428,3.33916242419372,8,10
"219","39_1",0.949196545811282,0.942846114037692,0.602161139254674,149.469607682239,1.85974308179862e-06,1,-8.00136561236699,22.002731224734,22.9104865037161,2.90078430102789,8,10
"220","4_1",0.742392498313,0.732484517478885,0.133819432965928,74.9287378268616,3.91008374432286e-09,1,17.6226219623457,-29.2452439246915,-25.2486303941658,0.465598656622388,26,28
"221","40_1",0.973545740332668,0.969136697054779,0.396747773346406,220.806573892115,5.8437678776739e-06,1,-2.80514372123227,11.6102874424645,11.848612067504,0.944452773931986,6,8
"222","41_1",0.84757435382813,0.809467942285163,0.967089402328638,22.2423030537114,0.00919756332467621,1,-7.09644986781191,20.1928997356238,19.568178143308,3.74104764838545,4,6
"223","42_1",0.915529352243359,0.907850202447301,0.859828690122071,119.222749465481,3.05067007399643e-07,1,-15.3970619889264,36.7941239778527,38.4889720502374,8.13235913992741,11,13
"224","43_1",0.909496154040745,0.900445769444819,0.718172480025587,100.492541991,1.55415395794879e-06,1,-11.960786866821,29.921573733642,31.376293683006,5.15771711066102,10,12
"225","44_1",0.948636614678408,0.941298988203895,0.520455151398036,129.283851934062,9.12194097074714e-06,1,-5.76206783967339,17.5241356793468,18.1158094113554,1.89611495231727,7,9
"226","45_1",0.919534550642026,0.90947636947228,0.697811749582278,91.4215537703607,1.18515747257884e-05,1,-9.47560845213431,24.9512169042686,25.8589721832508,3.89552990284064,8,10
"227","46_1",0.950658156033603,0.938322695042003,0.453163274270925,77.0670959667435,0.000928428642130825,1,-2.5482191374005,11.096438274801,10.4717166824852,0.821427812591782,4,6
"228","47_1",0.853285561763964,0.816606952204954,0.892573688528745,23.2638470220957,0.00850282728423316,1,-6.61535864755127,19.2307172951025,18.6059957027867,3.18675115781523,4,6
"229","48_1",0.969846077468398,0.967333250590765,0.463856049970003,385.95817567097,1.71815970811654e-10,1,-8.03155053775274,22.0631010755055,23.9802730643512,2.58194922112529,12,14
"230","49_1",0.82543727785376,0.81379976304401,0.657044178126161,70.9289991332382,4.54666842004818e-07,1,-15.917999999901,37.8359999998019,40.3356400319706,6.47560578014223,15,17
"231","5_1",0.029421950173971,-0.0216611050800304,0.279441049675555,0.575963008235815,0.457211473453786,1,-1.97259051758038,9.94518103516077,13.078748348331,1.48365870463175,19,21
"232","50_1",0.522745509720463,0.443203094673874,1.3343741072112,6.57190895466628,0.0427027422007866,1,-12.5084787627561,31.0169575255123,31.2552821505518,10.6833255479741,6,8
"233","52_1",0.949650841296132,0.941259314845488,0.3195262633067,113.167830296619,4.06632417104471e-05,1,-1.07345351767059,8.14690703534117,8.38523166038068,0.612582197656457,6,8
"234","53_1",0.685065341988821,0.650072602209801,1.01173253805163,19.5773565120945,0.00166001247060259,1,-14.632941740397,35.265883480794,36.4595692991891,9.21242455697162,9,11
"235","54_1",0.667618105607803,0.639919614408453,0.807292594521825,24.1030495416832,0.000360132889066664,1,-15.7891172253502,37.5782344507003,39.4954064395461,7.82065599803735,12,14
"236","55_1",0.840852206633837,0.814327574406143,0.891799581099681,31.70080547831,0.00134291281482625,1,-9.2846691237232,24.5693382474464,24.8076628724859,4.7718389570974,6,8
"237","56_1",0.75881646443364,0.724361673638446,0.867117830349335,22.0235400337847,0.00222687107216634,1,-10.3563082210696,26.7126164421393,27.3042901741479,5.26325332196817,7,9
"238","57_1",0.728247974989898,0.689426257131312,1.33026937668896,18.7587776935233,0.00343305442492028,1,-14.2079650168818,34.4159300337637,35.0076037657723,12.3873163018951,7,9
"239","58_1",0.822205523427984,0.799981213856482,0.821100164726697,36.9957735147053,0.000295140415302922,1,-11.1025658389725,28.205131677945,29.1128869569271,5.39364384411368,8,10
"240","59_1",0.00155291561395776,-0.0571792658205152,0.00347838156311246,0.0264406254974597,0.872746067512384,1,81.6593864701054,-157.318772940211,-154.485456002712,0.000205685351076212,17,19
"241","6_1",0.122615159593224,0.0428529013744259,0.662799974192847,1.53725787523311,0.240824778727733,1,-12.0136829605884,30.0273659211767,31.7222139935613,4.83234186369042,11,13
"242","60_1",0.71371353765445,0.665999127263525,0.867905310194773,14.9580290693521,0.00828928025815592,1,-9.06739869655144,24.1347973931029,24.3731220181424,4.51955776478571,6,8
"243","61_1",0.596654862002481,0.529430672336228,0.997759874479431,8.87559768239207,0.0246623278969714,1,-10.182838868989,26.365677737978,26.6040023630176,5.97314860272726,6,8
"244","62_1",0.514549476115691,0.417459371338829,1.22752431406112,5.29971079234346,0.0695889376410432,1,-10.1899126222147,26.3798252444295,26.2175556915954,7.53407970805611,5,7
"245","63_1",0.849701145787665,0.83968122217351,0.54313155201815,84.8011600195485,1.46142277533975e-07,1,-12.6812051182012,31.3624102364025,33.8620502685711,4.42487824196466,15,17
"246","64_1",0.259128281860733,0.212823799477029,0.00418050493623734,5.59618137426643,0.0309627209316245,1,74.1109720719887,-142.221944143977,-139.550828870289,0.000279625944350476,16,18
"247","65_1",0.798549242354687,0.758259090825625,1.05907256927989,19.8199612572484,0.00669014300191594,1,-9.15667203778396,24.3133440755679,24.1510745227339,5.60817353500551,5,7
"248","66_1",0.574149980314286,0.503174977033334,1.14592353143907,8.08946747126635,0.0294044907883208,1,-11.2904670924165,28.5809341848329,28.8192588098724,7.87884443943469,6,8
"249","67_1",0.693525660945675,0.642446604436621,1.09511565470527,13.5774955205514,0.0102723668342207,1,-10.9276598032414,27.8553196064828,28.0936442315223,7.19566978308326,6,8
"250","68_1",0.908793784118454,0.901193266128325,0.579420664672734,119.569980006461,1.35256739623976e-07,1,-11.1459133050963,28.2918266101927,30.2089985990384,4.02873967979752,12,14
"251","69_1",0.971600431370435,0.96970712679513,0.36471298810127,513.177036618234,5.1524265960913e-13,1,-5.91111068161508,17.8222213632302,20.3218613953988,1.99523345534636,15,17
"252","7_1",0.494962674965246,0.458888580319907,0.750157333824886,13.720723411951,0.00235787065794727,1,-17.0352083339743,40.0704166679486,42.3881828346679,7.87830435687766,14,16
"253","70_1",0.773102725388701,0.740688829015658,1.12039020048133,23.8509655393252,0.00178595916312076,1,-12.6626250328495,31.325250065699,31.9169237977077,8.78691940934223,7,9
"254","71_1",0.0101688714448897,-0.113560019624499,0.0061805529530601,0.0821867177261526,0.781640192399872,1,37.7898077936239,-69.5796155872478,-68.6718603082657,0.000305593878444639,8,10
"255","72_1",0.58585965509879,0.556278201891561,0.00515639645746987,19.8049653272482,0.000549106025246497,1,62.645511480309,-119.291022960618,-116.973256793899,0.00037223794197251,14,16
"256","73_1",0.791027804766442,0.770130585243086,0.958838867111397,37.8532562134569,0.000107967024765756,1,-15.4289461777213,36.8578923554425,38.3126123048065,9.19371973083467,10,12
"257","74_1",0.9200271081314,0.915322820374424,0.564630087143247,195.572030381646,9.36437857191008e-11,1,-15.0430835671231,36.0861671342462,38.9194840717455,5.41972130022565,17,19
"258","75_1",0.778601296709635,0.734321556051562,0.941877716199464,17.5836914385288,0.00854462828681823,1,-8.33575812377087,22.6715162475417,22.5092466947077,4.43566816136559,5,7
"259","76_1",0.545895827371043,0.489132805792423,1.28730321567078,9.61710303978356,0.0146403567100232,1,-15.5991625722431,37.1983251444863,38.1060804234684,13.2571965526107,8,10
"260","77_1",0.170072383244642,0.114743875460952,0.00515220246738753,3.07386535544296,0.0999657523541632,1,66.5035585173173,-127.007117034635,-124.507477002466,0.000398177853974312,15,17
"261","78_1",0.740903809660766,0.717349610539017,1.03751707701738,31.4552749525098,0.000158292851542042,1,-17.8391450072697,41.6782900145393,43.373138086924,11.8408585361295,11,13
"262","79_1",0.901451146157452,0.892492159444493,0.514444033773521,100.61976594446,7.16819578697755e-07,1,-8.71965878360566,23.4393175672113,25.1341656395959,2.91117930273689,11,13
"263","8_1",0.693754184910091,0.681975499714325,0.267130543295434,58.8991193312039,3.81921371944023e-08,1,-1.73226853129628,9.46453706259257,13.4611505931182,1.85532690619416,26,28
"264","80_1",0.463462732251327,0.418751293272271,1.45912488137177,10.3656411610555,0.00736032879929356,1,-24.0758007417311,54.1516014834622,56.068773472308,25.5485450332582,12,14
"265","81_1",0.574762745182177,0.52751416131353,1.46797592876755,12.1646554906289,0.00685399183952066,1,-18.7273649005759,43.4547298011518,44.6484156195469,19.3945799469685,9,11
"266","82_1",0.0895525214797275,0.0245205587282795,0.0053073057693613,1.37705395456073,0.26018184578906,1,62.183969978693,-118.367939957386,-116.050173790667,0.000394344923412941,14,16
"267","83_1",0.705081995881813,0.662950852436357,0.80386811167758,16.7354108676077,0.00462575195279778,1,-9.67465130042672,25.3493026008534,25.9409763328621,4.52342758680455,7,9
"268","84_1",0.248300288832975,0.210715303274624,0.768092130429918,6.60636914300487,0.0182616838586328,1,-24.3636327389516,54.7272654779033,58.0003928379782,11.7993104165674,20,22
"269","85_1",0.628357613445558,0.597387414566022,0.864045251875842,20.2891048872385,0.000721180151293242,1,-16.7402627923684,39.4805255847369,41.3976975735827,8.95889036747025,12,14
"270","86_1",0.274897723946123,0.219120625788133,2.34145632374774,4.92850530100125,0.0448168437952829,1,-32.9724181161581,71.9448362323162,74.0689868356229,71.2714303082374,13,15
"271","87_1",0.142300646313095,0.106563173242807,0.685016956676451,3.9818329078058,0.0574647363794687,1,-26.0157428079588,58.0314856159177,61.8057752299821,11.2619575424224,24,26
"272","88_1",0.568917976387727,0.546229448829186,0.742873195159759,25.0751387422481,7.81782243777578e-05,1,-22.5050046709674,51.0100093419349,54.1435766551051,10.4853510976505,19,21
"273","89_1",0.649401821700656,0.622432731062245,1.00890689347956,24.0794853044002,0.000286462241050479,1,-20.34383358693,46.6876671738599,48.8118177771665,13.2326105562375,13,15
"274","9_1",0.0971708150922078,0.0579173722701299,0.93527178320916,2.47547241990082,0.12929114787941,1,-32.7582403508076,71.5164807016152,75.1731081762198,20.1188660947466,23,25
"275","90_1",0.430635858780364,0.392678249365722,0.971102908253352,11.3451786195535,0.00422410086755536,1,-22.5595801614568,51.1191603229137,53.6188003550823,14.1456128762718,15,17
"276","91_1",0.269641959536264,0.178347204478297,1.17488418471295,2.95353177041832,0.124011589809369,1,-14.6853633408398,35.3707266816796,36.2784819606618,11.042822779909,8,10
"277","92_1",0.387795511637664,0.355574222776489,0.439635214573546,12.0353817411982,0.00256864844646143,1,-11.4888238544202,28.9776477088403,32.1112150220106,3.67230331596944,19,21
"278","93_1",0.655052355874116,0.620557591461528,0.725265514538031,18.9899066431967,0.00142618504142383,1,-12.0787234870142,30.1574469740285,31.6121669233925,5.26010066578115,10,12
"279","94_1",0.568840365447351,0.532910395901297,0.777304624156445,15.8319189421585,0.00182979708121368,1,-15.2591633533608,36.5183267067216,38.4354986955674,7.25042974481991,12,14
"280","95_1",0.714849861402188,0.703882548379195,0.48598925355841,65.180036341036,1.48981388983598e-08,1,-18.4888418338949,42.9776836677899,46.9742971983155,6.14082441893077,26,28
"281","96_1",0.303128353469464,0.269943989348962,0.776635433081414,9.1346741606595,0.0064816385839312,1,-25.7753733675788,57.5507467351575,60.957229382945,12.6664145142687,21,23
"282","97_1",0.549390800687413,0.514728554586445,0.85869382662877,15.8498326705974,0.00156663462917341,1,-17.9256789127313,41.8513578254626,43.9755084287692,9.58561614257469,13,15
"283","98_1",0.457124337990371,0.420932627189729,0.980260769084763,12.6306363495329,0.00288568910010599,1,-22.7191452685901,51.4382905371802,53.9379305693488,14.4136676310998,15,17
"284","99_1",0.791154082404333,0.783121547112192,0.353316940200357,98.4936951572924,2.48242902739847e-10,1,-9.561853555744,25.123707111488,29.1203206420136,3.24565436604612,26,28
