"","ID_no_Rep_dup","Log_estimate_K","Log_estimate_N0","Log_estimate_r","Gom_estimate_K","Gom_estimate_N0","Gom_estimate_r","Gom_estimate_t_lag","Bar_estimate_K","Bar_estimate_N0","Bar_estimate_r","Bar_estimate_t_lag","Gom_mult_Gom_estimate_K","Gom_mult_Gom_estimate_N0","Gom_mult_Gom_estimate_r","Gom_mult_Gom_estimate_t_lag","Bar_mult_Bar_estimate_K","Bar_mult_Bar_estimate_N0","Bar_mult_Bar_estimate_r","Bar_mult_Bar_estimate_t_lag"
"1","1_1",-2.10072359184,-3.99699786738182,0.0342597290423365,485.642523925812,-43.3284896344564,0.00047824342228687,-58009.8442249998,0.0882795871652378,0.127283973947138,0.029870509205171,356.735621103797,-2.09606601265569,-3.27851827300925,0.0909694813378339,16.7618605704352,-2.09475798244469,-3.29458561931788,0.11729575880838,28.9316423758345
"2","10_1",-1.84606879607971,-5.45094997824755,0.128107048180519,-1.89594916202863,-3.29195795341426,0.0673047875413338,-7.37019809073589,0.186184596047599,0.00846467800142827,0.259369673087823,7.57941978745639,-1.85433470830855,-31.0872008658399,5.60104916027428,-14.1735888066159,-1.85389674046392,-5.28119075268827,0.270518717210396,-6.25355772449645
"3","100_1",-1.04961245782409,-4.61071892598749,0.0167238036733105,-1.13035997088941,-2.34685279861599,0.0131735884898887,-25.7830542089981,0.379752495289895,0.0344666152963574,0.0680265452587052,54.5143320232077,-16.0594881787711,-1.04193276451088,0.154909961104773,38.6556709095912,-1.04087953433062,-3.84860830733619,0.0505260061047723,-7.00114338227328
"4","101_1",-0.818081871891493,-5.37353270416651,0.036147750042859,-0.851401983713951,-4.78227298929441,0.437418337350625,-4.44703867416652,0.447958686828505,0.00575802322700985,0.108974398860356,12.9237119207917,-0.878673712180351,-334.025697875669,38.8182571754654,-39.3871413545238,-0.868625241188179,-5.73228867026597,0.157494057833182,-17.7004507085725
"5","102_1",-0.476608075271938,-4.63553745225215,0.0349740004473717,-0.534455671438936,-4.29002855716693,0.749992223389044,-1.75395207858158,0.577212291248203,0.0105777837284556,0.296139660276757,7.43123744525889,-0.558324920838,-6.86501248471963,1.2893696194558,-4.7434484937698,-0.562540740417839,-4.28186380931573,0.348782263662538,-2.43226110747561
"6","103_1",-0.381161218118371,-4.21496775599099,0.00051160494244501,-1.01052966415488,-148.727583349937,0.610076977898498,-1002.90733401889,0.350376818226179,0.0195735504937866,0.00667194870772436,267.10460290741,NA,NA,NA,NA,-0.97947209058543,-4.33008561797824,0.00525802419784166,-345.329894044887
"7","104_1",-0.702922195577954,-11.4477716973079,0.0255571176424373,4.62217985802651,-21.2074775807888,0.0103003700933627,-4840.16053267149,0.515796969309758,0.0457296835090407,0.367926505214517,23.842099064913,-0.701160973635009,-4.4055845180959,0.34925997329115,-0.350809269059972,-0.701027260964846,-4.50624299010533,0.14696349460397,-2.53246625446461
"8","105_1",-0.307206831324228,-5.06081838706953,0.0166848990662063,-0.448331502482006,-3.98135167258135,1.13211640250001,2.15070929428946,0.66080542409937,0.0118121944260854,0.517344784666843,8.40612661293378,-0.448331507018568,-3.98135165275311,1.13211641965294,2.150709393016,-0.455133250475428,-4.09384928647983,0.595806258733027,2.64332847815136
"9","106_1",-0.41195447215704,-4.67044550653175,0.0599162082316761,-0.755080120478918,-1.88831432872274,0.0496999720344995,-11.9811676641707,NA,NA,NA,NA,-5.21718749620688,-0.458408489041674,2.01426003077527,4.79056160769426,-0.455585202816311,-4.12269466085645,1.27143598399141,1.16877751588315
"10","107_1",-0.00883722896038105,-4.79130431979043,-4.23523496967264e-08,NA,NA,NA,NA,NA,NA,NA,NA,NA,NA,NA,NA,-4.31805428762775,-4.31812203979491,-0.0667898813856933,-0.00116371272803634
"11","108_1",-0.663752484894298,-7.50738310168288,0.0221052504262817,-0.781160942070714,-1.5997666528776,0.00824205709673643,-35.2588850671007,0.538015746416235,0.00535623568772717,0.132429085851951,23.487606096059,-0.664084578134774,-18.6967635888482,1.29284209973084,-25.8530948865138,-0.6648891787646,-7.5574453017338,0.122419992551685,-31.842237301784
"12","109_1",-0.118196306392021,-6.1253103531987,0.00761031994239447,-0.276158937157976,-3.3593713385213,0.253958864115048,-5.0885130731263,0.73260950997729,0.0212660229228221,0.534124414433549,8.49389087139717,-5.83967094992297,-0.314067952919264,0.876301901759202,10.5107524762471,-0.312333492901947,-4.02071285380479,0.496601401658185,1.75379149206078
"13","11_1",-1.51832784770228,-4.72757352854418,0.122108405813687,-1.58771736092799,-3.2267173476813,0.137917255884071,-5.70237751239404,0.258187893594134,0.038871263525373,0.930442003552296,7.83221753838738,-1.52248029729371,-6.56063073287793,1.18607602953294,-4.26433506665032,-1.52085067639385,-4.41663039184727,0.355538703258789,-1.83640051504835
"14","110_1",-18385.4481413034,-1.1750804112017,0.000911168213994195,NA,NA,NA,NA,0.177929573093424,0.482707433991362,0.127605160016329,90.4007150147781,-3.34681844079241,-0.692348610276853,2.37929944470951,4.44707263150023,-0.69031762957049,-3.1851036745629,1.99084575700589,2.52044910265943
"15","111_1",-0.00651552172280334,-5.04676427343788,-3.4839523755585e-07,-4.8468888881517,-5.77215343190902,-0.375582063720767,164.100200890552,NA,NA,NA,NA,NA,NA,NA,NA,19.3188380450152,-4.78980607608386,-0.00531520381202556,-66.9032401252892
"16","112_1",-0.151008231158842,-6.01974765200789,0.0116787535331231,-0.106620261494697,-2.05017554722337,0.0224004831725577,-48.2158195565306,0.836296473681493,-0.10115831357849,0.079775986724347,-3.13224817745474,-0.191448664500972,-3.3588318701223,0.822114510065743,1.39012298857288,-0.192641817847144,-3.40865454138249,0.488632286022175,2.43637548792924
"17","113_1",-7.54189404881108e-05,-4.92009370662768,1.32499509437012e-06,-0.0655730207089183,-306.500489225976,6.90155101503444,-203.761636632333,0.962787449249624,0.0227885553987112,0.0301937687019275,52.437632745098,-0.0654297582148068,-603.682600512059,13.576317744505,-229.662416008976,-0.0247897428474811,-4.63429140386178,0.0255890862024801,-116.540646177844
"18","114_1",91225540.4393326,-4.42824477443081,-0.337682957883889,0.0214405274288785,-1.56558743464982,0.0552835362641335,-16.7286048390745,NA,NA,NA,NA,-5.87682410873289,-0.109592023463975,1.50425373540317,5.58944611482909,-0.100359002195659,-3.49331917949264,0.913445609530455,1.10512956204014
"19","115_1",-0.543035263012436,-585.05471633426,0.00966014749840975,-0.521164832881703,-1.43399876695373,0.00718031577657329,-13.4713878587842,0.5672806338653,0.00653243818470909,0.0360339944866199,55.4279732803291,-0.56522000314079,-11.8582804178808,0.277679853402071,-65.6307341325777,-0.568480607163887,-1.04760651031846,1.61185487429326,229.926456219695
"20","116_1",49375469.9432633,4.15522997961794,0.0492456023735353,11.7428785333851,4.44435761585188,0.92243878490303,4.01949526919976,NA,NA,NA,NA,11.7428754716589,4.44435781798111,0.922438753869075,4.01949547456017,NA,NA,NA,NA
"21","117_1",32383375.3736559,3.16198136781947,0.0669076554193904,11.648353216906,3.69187011570923,1.5449341695544,5.50286967196841,NA,NA,NA,NA,11.6480434886984,3.69187294445005,1.54491298210134,5.50282392940215,NA,NA,NA,NA
"22","118_1",13.1400033501526,3.42460206192819,0.277997025532477,10.3270372593327,3.18249701674074,2.31629992645401,0.291816532697318,NA,NA,NA,NA,10.3270171743915,3.18250130465397,2.31630228863856,0.291822643811859,NA,NA,NA,NA
"23","119_1",9.62404394809115,4.53796103845964,1.8924512692583,NA,NA,NA,NA,NA,NA,NA,NA,NA,NA,NA,NA,NA,NA,NA,NA
"24","12_1",-2.20903770104829,-5.25732437337173,0.00644553283618834,-2.24896680492581,-136.033659953268,1.12839356443892,-494.733138456798,0.106266847418737,0.00695214623268977,0.0104465593277096,120.507176161116,NA,NA,NA,NA,-2.23132828703414,-5.69963577774429,0.00878655438105475,-292.143978273915
"25","120_1",9.16348191552338,3.38045860655691,3.77302047715472,9.03876108658711,3.38980511891576,21.5266345031484,0.0473619504180327,NA,NA,NA,NA,0.712675405147701,8.9461776430617,17.5765599367307,0.737551879361419,NA,NA,NA,NA
"26","121_1",8.48171509326231,3.6748206677404,0.621585788894889,NA,NA,NA,NA,NA,NA,NA,NA,NA,NA,NA,NA,NA,NA,NA,NA
"27","122_1",15.4271184576185,3.73218112751999,0.295893077913109,NA,NA,NA,NA,NA,NA,NA,NA,NA,NA,NA,NA,NA,NA,NA,NA
"28","125_1",9.65564416679301,4.00837201570893,3.537194798453,NA,NA,NA,NA,NA,NA,NA,NA,NA,NA,NA,NA,NA,NA,NA,NA
"29","126_1",10.3927368154182,2.88772572240353,0.230353147807594,NA,NA,NA,NA,NA,NA,NA,NA,NA,NA,NA,NA,NA,NA,NA,NA
"30","127_1",-0.194281298687197,-3.74970472314519,0.0156044732918,-0.172619026367506,-1.86437097535921,0.0222045004457398,-36.1219861066848,0.810477696161952,0.00108506572358596,0.121091261776777,4.15056679207759,-3.30047742129972,-0.220398139150267,0.595671347084063,11.0561159471509,-0.2199527651352,-2.65546138341696,0.440720753039197,3.39342793014029
"31","128_1",38671823.5611665,-4.45788802511801,-0.340101012930206,-0.0544648249819165,-1.62723314435536,0.0854990320984509,-11.076096466354,NA,NA,NA,NA,-4.12768896852282,-0.115621516536037,1.38799077988273,5.93264668006162,-0.1009532741471,-3.09240205337831,0.973458784371938,1.89384704254846
"32","129_1",-6.80153081145796e-05,-4.05723353962428,2.07515098512835e-05,-0.0369324699553698,-1.59793321407441,0.133863022485204,-6.12100337528441,NA,NA,NA,NA,-4.42526988450396,-0.0388222594319077,0.773273468386319,6.62441211596776,-0.0887284132442238,-3.69083846114453,1.9687739025062,0.465308494595318
"33","13_1",7.75765172626253,0.0882014486826431,0.0550626442176736,7.93844700366468,-0.125835238800401,0.252856240161222,42.5450469636807,NA,NA,NA,NA,-1.50467229693782,7.75017738844514,0.214854674766461,123.229742199527,NA,NA,NA,NA
"34","130_1",-0.890691156043432,-4.64172796582229,0.00565065741268611,-0.913872929734847,-2.35685733003792,0.011930972677722,-14.8667907517522,0.379522682466388,0.0423642391516764,0.0268321199823808,108.357912828664,NA,NA,NA,NA,-0.969731056184378,-3.1949225403372,0.0266397051493156,30.3287136961948
"35","131_1",-0.28092851151975,-3.73774094046813,0.0205957441130839,-0.252592907670025,-2.3427368264832,0.032827805823162,-32.1035017702023,0.742508307538908,0.0224409146762893,0.130261418223823,6.23418360311335,-356.963771959556,-0.303900382305245,8.43856616371582,-20.0861183867605,-0.303150881926174,-3.47280312486388,0.218667215163246,-4.82984588913093
"36","132_1",-0.000263520435569066,-8.58661422592703,4.71294952393368e-05,-0.133978863597584,-1.99597505794188,0.229573428150011,-2.46845355184837,NA,NA,NA,NA,-0.166727586753375,-3.37953447539165,1.41454043237804,0.551892723704453,-0.177122545297581,-3.62011042177905,0.687019071933559,0.256149993740419
"37","133_1",0.858096966850198,32917302.142653,-0.278584402711423,-0.0440907181818295,-1.13559849284666,0.0351874412210476,-19.8546634590645,NA,NA,NA,NA,-0.111077140456397,-8.04919658578391,6.1785383587321,-1.06668484127149,-0.123356829178105,-29.4139692652447,1.42495867796898,-17.9563149603719
"38","134_1",-0.036501549878453,-4.91031778906604,1.56415579403446e-07,-4.9002495903295,-4.814563056901,0.000635041734651993,666.351441573981,0.0121739130505472,0.00768115951238128,0.826124793983275,599.40267425485,NA,NA,NA,NA,-4.23694285539952,-4.31683081925657,-0.0214878947568028,-3.656883278614
"39","135_1",23.2022770741642,4.29570246506674,0.0120705869865141,23.3859556123613,4.40516875157918,0.170450832073865,26.7147664971151,NA,NA,NA,NA,23.3859468310196,4.40516707414169,0.170450923495137,26.7147597766285,NA,NA,NA,NA
"40","136_1",22.5348974704291,3.97263117694551,0.0415707066545924,22.7448086661392,4.05845126822476,0.569643216350179,8.1866010439358,NA,NA,NA,NA,22.7447741872798,4.05847967652603,0.569645244648309,8.18683317539,NA,NA,NA,NA
"41","137_1",22.8619130129074,4.28576300044985,0.0632362973130011,23.335136015304,3.37988310598313,0.859492101004767,1.39396482671214,NA,NA,NA,NA,23.3351298377254,3.37989057807887,0.859492462521535,1.39399473054451,NA,NA,NA,NA
"42","138_1",23.9074026013219,3.99396417330145,0.13762482431924,24.5889995018011,3.27776745382507,1.94107766519513,1.25940471397985,NA,NA,NA,NA,24.5890207519017,3.27774158059424,1.94107506908536,1.25935793358765,NA,NA,NA,NA
"43","139_1",6.66081521801482,3.58232171001579,0.0111670808824025,6.44498163236558,4.04365123564426,0.048884755910035,47.6747909943605,NA,NA,NA,NA,6.44497554844016,4.04364920622615,0.0488851698515977,47.6747668337471,NA,NA,NA,NA
"44","14_1",8.27909835916684,0.205757644130369,0.0765000956208858,8.5630956434274,0.428494316086975,0.365619784054185,23.6708896807897,NA,NA,NA,NA,8.56309634775364,0.428493178743143,0.365619690105312,23.6708755307107,NA,NA,NA,NA
"45","140_1",20.3114140425075,4.02926619919709,0.0425411518491573,20.4936879099773,3.42412882446539,0.52057669310884,2.89385529672595,NA,NA,NA,NA,20.4936839874893,3.42413754346021,0.520577040099445,2.89391740974089,NA,NA,NA,NA
"46","141_1",21.1421324216612,4.50539798938338,0.0751695000644006,21.2206574250489,4.11806340112891,0.965997237199967,2.13732102107376,NA,NA,NA,NA,21.2206573566689,4.11806277941265,0.96599725963488,2.13731940957994,NA,NA,NA,NA
"47","142_1",21.3568894179009,4.88987460152912,0.106890694675051,21.4282978176513,4.87235462315767,1.36147148687025,1.63820174645937,NA,NA,NA,NA,21.4282853238566,4.87240813433909,1.36147377612495,1.63831820910733,NA,NA,NA,NA
"48","143_1",21.419171918529,4.48368362540098,0.22824197869594,21.4878588876495,4.24270175216184,2.94984096176817,0.784534986379945,NA,NA,NA,NA,21.4878582680364,4.2427044824205,2.94984146715793,0.78453815593435,NA,NA,NA,NA
"49","144_1",12.4993637036425,3.34791008061962,0.00893954172664277,10.8432710354547,4.20544368972903,0.0976632995081697,76.8433569547571,NA,NA,NA,NA,10.8432611360826,4.20544741589042,0.0976637345494503,76.8437317950464,NA,NA,NA,NA
"50","145_1",19.2474428101215,3.77902526445747,0.0193774632898052,19.3529682923101,3.37995917427029,0.225746264187826,8.4416155080028,NA,NA,NA,NA,19.3529702267467,3.37994239185354,0.225746192914228,8.44139319469013,NA,NA,NA,NA
"51","146_1",7.73475531021185,0.816307120069815,0.0298775075444448,7.95568698933707,-0.147893136661288,0.135448759926848,-0.341490872204931,NA,NA,NA,NA,7.95568763872912,-0.147899331498915,0.135448755846101,-0.341611445565458,NA,NA,NA,NA
"52","147_1",9.17910765024026,0.782498163649366,0.0778875591806745,9.2859153309373,0.927937329006979,0.434038888273352,10.406285823707,NA,NA,NA,NA,-2.82022689823362,9.07171942734421,0.374425263199804,58.1683562200552,NA,NA,NA,NA
"53","148_1",9.26767729400626,0.673370940219372,0.158911613758542,9.51562114621891,0.429136333075751,0.858586303233862,4.22413241348977,NA,NA,NA,NA,9.51562132070998,0.429136007711359,0.85858626415144,4.22413101047198,NA,NA,NA,NA
"54","149_1",9.46338397038267,0.785894027999737,0.24240251541394,9.58009312412741,0.816155491407097,1.364437045312,3.06649204655098,NA,NA,NA,NA,9.58009131261131,0.81615792541437,1.36443822948816,3.06650105981181,NA,NA,NA,NA
"55","15_1",6.62095274075163,0.070099604730709,0.0162269311642808,6.80132223311029,0.401152771756026,0.0632088823639762,169.760764033553,NA,NA,NA,NA,6.80131983968698,0.40115591049674,0.063208977312468,169.76106994598,NA,NA,NA,NA
"56","150_1",1.32174692592005,0.153173953884022,0.0131891509501148,1.35533327479017,0.0607603534713049,0.0101880638736333,11.5687558326299,3.7109696449795,1.26531800461677,0.0209859096427058,159.315544907213,1.35532528212422,0.0607701249696154,0.0101882460944385,11.5732865208183,NA,NA,NA,NA
"57","151_1",1.44119553522892,0.118394096207199,0.0147963859070216,1.46521651202206,0.108212022880293,0.0128079060576729,48.8354637587243,4.16704879691919,1.17595191494145,0.021212014962993,144.117633402847,1.46521853694709,0.108211304356706,0.0128078357679426,48.834857425536,NA,NA,NA,NA
"58","152_1",1.74291697976743,0.156725902935069,0.0144386586732937,NA,NA,NA,NA,NA,NA,NA,NA,NA,NA,NA,NA,NA,NA,NA,NA
"59","153_1",0.973134675774824,0.117869863037893,0.030994581145532,NA,NA,NA,NA,NA,NA,NA,NA,NA,NA,NA,NA,NA,NA,NA,NA
"60","154_1",1.28067349351625,0.529411641847805,0.00825098363591678,1.17561548424092,0.579631469126214,0.0174786224415192,92.3673724067335,4.55099629669765,1.71011259634447,0.00325044792066501,-248.442683123864,1.1756141048754,0.579628766375262,0.0174791128483584,92.3661321773135,NA,NA,NA,NA
"61","155_1",1.47470233482685,0.500475738960637,0.0079160545269697,1.3910346218639,0.560661245909563,0.00930723301883384,67.4256167104029,4.06330474800293,1.74584544626547,0.0173602093428387,132.451720078019,1.39104187385032,0.560649045504653,0.00930668711624909,67.415498716613,NA,NA,NA,NA
"62","156_1",1.83106163901656,0.562384230038598,0.0075380896783754,1.78925375601944,0.522304078016788,0.00873415212658744,11.5528378539517,5.95943537995003,1.7653879327763,0.0125540662716312,74.7147826809583,1.78925174710931,0.522307181039969,0.00873418047103038,11.5542081191418,NA,NA,NA,NA
"63","157_1",1.64448531261722,0.573557409505519,0.0115447810827012,2.83343679678969,-2.36017468749556,0.00712687377650869,-1023.56525663874,-8.84863824683703,1.82570430362744,-0.0114150877604029,-937.72115534232,1.61481142366921,0.587181498485116,0.0128435805687589,25.195776768704,NA,NA,NA,NA
"64","158_1",-0.907721745065946,-7.03868267942104,0.0157195528707072,-1.02207000477714,-2.81798396168321,0.0179219162073552,-37.7591833230712,0.417570417848643,0.00405619801772155,0.272024609823914,23.0711692951709,-0.932775132493122,-6.06679091978485,0.675185207781478,3.69044301572613,-0.93164955832235,-6.08690780871597,0.26550619272348,3.62613080878625
"65","159_1",-0.558744478976794,-5.28913888117527,0.0224896483319499,-0.673042258669919,-4.23598511294523,1.13216269220417,2.9998619502969,0.529643794946032,0.0111428098559838,0.561315704212125,9.38799013992811,NA,NA,NA,NA,-0.679508927397125,-4.33358839999395,0.636432287323006,3.77499883923481
"66","16_1",7.66105782401513,0.125552744379222,0.149270638555112,8.16047991348461,0.391099920996039,0.634081687767243,14.6000670781783,NA,NA,NA,NA,8.16048162389894,0.391099615800876,0.634081502772356,14.6000636610604,NA,NA,NA,NA
"67","160_1",-0.784660247299956,-5.19566491707791,0.0673374452726723,-1.11660644213485,-2.63189993644484,0.053152748833327,-17.4150488708083,NA,NA,NA,NA,-4.71724942077075,-0.819624545889712,1.88519164688312,6.55397277968452,-0.806821683233842,-4.37938990337612,1.16939728947388,2.76222852110611
"68","161_1",-0.42387985084357,-8.82848558211671,0.00146452473681485,-0.76496204154513,-3.69188736355439,0.0234994028417254,-11.774530346488,0.412397635768934,-0.000506127535726753,0.0365595830591183,134.624315604186,NA,NA,NA,NA,-0.898581757851314,-4.91086400720379,0.0485244546213462,54.6344541441614
"69","162_1",-0.85254537276589,-22.3224177747374,0.0392789707461927,-1.00451500214573,-1.64769563394534,0.00727383495874152,-27.0459622330597,NA,NA,NA,NA,-0.852950413403585,-5.18148388937275,0.681257725789018,1.12178041234784,-0.853012307620548,-20.4114094373578,0.237357113340637,-65.8703850158491
"70","163_1",-0.425989202560696,-5.4701569250771,0.00652733162091392,-0.612290787298605,-4.93157017559434,0.170316612803955,-12.3533494066421,0.563343152120936,0.0177351246725432,0.0581340880843524,42.1192280433226,-0.645982347775484,-695.470240181129,25.9401654892355,-138.973774009406,-0.620236390223389,-7.07746356677629,0.0460280750408496,-98.3747963476885
"71","164_1",-0.530922382864876,-6.01176814309061,0.0296616045306485,-0.573897066324259,-4.15527382831104,0.415113743250761,-2.49693122148337,0.564972124882223,0.00794250339044858,0.536938172525791,8.58393306106871,-11.5717867147268,-0.614346307283121,1.21733518752995,8.88399803297261,-0.612813575267845,-5.37565484862507,0.498779965219743,-0.523735929012587
"72","165_1",-0.655718758743076,-109.259114132704,0.0058865787895193,-0.671853328251033,-2.40244233473587,0.0130216414747978,-18.6389243411747,0.473348273876604,0.00439564554273188,0.0622680062508574,86.1285807717989,-7.70086410380212,-0.752588650501835,0.122344058594988,97.5127273365277,-0.751651249614945,-5.20164580636248,0.0672768290241642,22.6861964438756
"73","166_1",-1.18205096551186,-12.8041156161983,0.0521806621433798,NA,NA,NA,NA,NA,NA,NA,NA,-1.17753217998342,-4.54046885684046,1.66330283886506,6.79540425397161,-1.1775472687055,-4.55721757879028,1.05276953270889,7.52782173323524
"74","167_1",-0.735507939329016,-6.10649406459624,0.0137805640798324,-0.880407398206096,-18.6323943334524,0.944964257240529,-35.7996744459977,0.479041049916372,0.0066742793737106,0.0614009165899123,35.7737851525728,-0.877483252912943,-880.869100639024,44.1875513030136,-105.671998166568,-0.844940695587995,-8.57209319426997,0.0634399179208376,-87.3006914984294
"75","168_1",-0.817359430393731,-10.4003019986278,0.0698720526470412,-1.06180700459706,-2.36038473916064,0.0447976459317714,-12.9439857454433,0.481054080778664,0.0175511050541809,0.823102036825748,7.83639163924389,-5.40022246558625,-0.837789184419594,1.20658314930454,8.9611119294894,-0.827567647591837,-4.50860351569955,0.750646690676708,2.95747095107382
"76","169_1",-0.734669567702374,-16.8174895993467,0.00487631045683023,-0.826269833653049,-2.61412130954447,0.0151340161495908,-2.96681569009024,0.451131985432755,0.0170224605797306,0.0694847539434256,111.471246128922,-5.56213197042852,-0.823731257665203,0.0904604554634746,129.567951244616,-0.81967579943381,-4.69408302253331,0.0549757336536227,44.0911964648142
"77","17_1",9.06079538545865,0.0436865082078659,0.0195103153808123,NA,NA,NA,NA,NA,NA,NA,NA,NA,NA,NA,NA,NA,NA,NA,NA
"78","170_1",-0.569015136803869,-11.8672931284119,0.00814144379562285,-0.62819563982145,-2.33938553165678,0.0168127309491764,-33.0525990639242,0.512288418151995,0.0045975712434428,0.283406143498113,37.3327963038867,-0.676317692913365,-5.25982075543578,0.762620903771666,21.337002500285,-0.676503950941071,-5.27040671560121,0.292038097779609,22.4701896108451
"79","171_1",-0.000458325636715859,-6.9293732834425,2.52440769364443e-06,-0.540032936453162,-5.92956613330784,0.736257568695701,22.2294711339739,0.590425535577792,0.00288008429538192,0.606243282879743,45.2571584180599,-0.540032938436554,-5.92956613317391,0.736257575440832,22.2294711523858,-0.540231252330691,-5.93602837977593,0.280869233441055,23.9003714544129
"80","172_1",-1.51893605762996,-4.38189097280283,0.112992302086611,-1.58337643808005,-3.13132796442283,0.138716360062644,-4.77010431290568,0.256670207626008,0.0494714810896766,1.50641937826322,8.23782614644992,-1.52284226337551,-4.45891250790865,0.748044169021801,-1.31947057483165,-1.52248593960068,-3.99523332893482,0.390819827650574,0.389738153239986
"81","173_1",-0.00249326066459352,-6.2658198856648,2.9468039374134e-07,-3.16955869977407,-5.62811273940066,0.0249396264486598,402.050656189236,0.0577137580318757,0.00337867840634519,0.0139698343811969,638.649932509891,NA,NA,NA,NA,-3.34607845592902,-5.64705906744673,0.0210198907084462,456.563996323124
"82","174_1",13.0103841414759,0.549181731362711,0.104436362128376,13.5186521229827,-338.274897501553,14.9406249621077,-70.597599904639,NA,NA,NA,NA,13.5233943887663,-613.524321581804,26.4984916464108,-82.7536283330642,NA,NA,NA,NA
"83","175_1",13.3635273179704,1.29538621759385,0.0997590475535066,13.7465260883092,-607.253894964501,29.5302890836325,-75.9111390391103,NA,NA,NA,NA,13.747798636936,-921.252676309258,44.3859468074619,-83.412336313344,NA,NA,NA,NA
"84","176_1",13.597606627222,1.60174999418968,0.0142578105126068,NA,NA,NA,NA,NA,NA,NA,NA,NA,NA,NA,NA,NA,NA,NA,NA
"85","18_1",8.75710981145033,0.0257347861578642,0.0340054991155414,9.07105744965797,0.113489821667845,0.17222597114599,111.699497208516,NA,NA,NA,NA,9.07106079038986,0.113488553927753,0.172225721244612,111.699393411408,NA,NA,NA,NA
"86","180_1",7.94584828437714,0.186236748133934,0.0495924011690153,8.44835761774262,-4.27200276487811,0.263874243179483,-3.52979548896003,NA,NA,NA,NA,-28.1445641052991,8.09999511772438,0.296666201331803,95.200588772903,NA,NA,NA,NA
"87","181_1",8.39873271915016,0.429494733030644,0.0733711349978487,8.90263159210006,-0.777053344038352,0.342418767208425,5.07171707648978,NA,NA,NA,NA,8.90262142950523,-0.777036044494429,0.342419558564183,5.07189838509514,NA,NA,NA,NA
"88","182_1",7.73878003118455,0.117339945900129,0.0142630514474953,8.0467310752338,0.210801792774425,0.0616382813773573,150.060805940486,NA,NA,NA,NA,8.04672888283184,0.21080228151296,0.0616383219531379,150.06088301392,NA,NA,NA,NA
"89","183_1",7.77577432196425,0.128774219782052,0.147021653766897,8.21180863368842,0.193646092835085,0.646491832642269,14.1384056956259,NA,NA,NA,NA,8.21179431565319,0.193648851049595,0.646493910428924,14.1384435756063,NA,NA,NA,NA
"90","184_1",6.89717952515467,0.0470829547336231,0.0214162799173712,NA,NA,NA,NA,NA,NA,NA,NA,NA,NA,NA,NA,NA,NA,NA,NA
"91","185_1",6.4377919442247,0.00538458555431597,0.0388016578221411,6.76042098973108,-0.0405016975902292,0.137075570296917,125.262640041626,NA,NA,NA,NA,-0.292290362483757,6.27388230746304,0.141629082625763,234.621420813251,NA,NA,NA,NA
"92","186_1",7.33772107665147,0.135958807392815,0.0500765660496313,7.62801234389954,-0.173168419830395,0.203273249215419,33.1398036249425,NA,NA,NA,NA,-2.35867864195469,7.38605319628586,0.174721152797426,128.171763782302,NA,NA,NA,NA
"93","187_1",8.71986034959443,0.561843865297836,0.0521686354562809,9.43891814623079,-0.396392548231697,0.24964315247496,5.89005176691216,NA,NA,NA,NA,9.43891984348617,-0.396396165723647,0.249643100597781,5.89000831086472,NA,NA,NA,NA
"94","188_1",5.9897077599222,0.0453291512370121,0.0243711366161025,6.07962430964574,-0.0180774582885046,0.0854255201945637,114.014715180275,NA,NA,NA,NA,6.07962251139813,-0.0180764112107356,0.0854256836900522,114.014851932207,NA,NA,NA,NA
"95","189_1",8.5482594010253,0.519755275712285,0.0909611939646513,9.18109695212189,0.364969859237703,0.433439264924995,8.750655414228,NA,NA,NA,NA,9.18109382545752,0.364972765036618,0.433439475754532,8.75068117225277,NA,NA,NA,NA
"96","19_1",6.55004500283031,0.0283209092012243,0.0669984725885554,6.72183965790321,-0.0404905411620905,0.258082528628141,49.9473841313853,NA,NA,NA,NA,-1.08311927467378,6.53201376779023,0.222324998829564,115.55609503863,NA,NA,NA,NA
"97","190_1",6.96369723467735,0.0734470711412718,0.0240689464303237,7.07009598062317,0.252057566910145,0.0987476916339138,109.889771819646,NA,NA,NA,NA,7.07009110273291,0.252060270011481,0.0987481560174211,109.890119926948,NA,NA,NA,NA
"98","191_1",6.30218933489675,0.0545196143522042,0.0302656476129858,6.46445553016831,0.194613881370027,0.112842788406502,93.281678860348,NA,NA,NA,NA,6.46445724909834,0.194609597152117,0.112842708301515,93.281542881153,NA,NA,NA,NA
"99","192_1",5.99996158167218,0.0726053284980576,0.0576288185099841,6.14053683137744,0.0196809302718116,0.198011067136414,39.5154941072882,NA,NA,NA,NA,6.14053744323318,0.0196802781777034,0.198010953546095,39.5154648760317,NA,NA,NA,NA
"100","193_1",7.00899221792512,0.529005907966307,0.0504070109030782,7.83380481493773,-0.942215494015461,0.194989725214163,-4.56277060226137,NA,NA,NA,NA,7.83380275075222,-0.942209336802156,0.1949897435341,-4.56268968853793,NA,NA,NA,NA
"101","194_1",5.69572681078029,0.0241447751584716,0.0253384272214043,5.74819612532203,0.16598917174282,0.0857516545057855,138.838890010365,NA,NA,NA,NA,5.74819611591995,0.165989216891126,0.0857516560390274,138.838892768419,NA,NA,NA,NA
"102","195_1",6.84010517567413,0.210744154290366,0.108937997179369,7.85168963467866,-0.649072388311375,0.397211581625811,7.22086175897604,NA,NA,NA,NA,7.851691362151,-0.649074427579932,0.397211526870957,7.22084692780976,NA,NA,NA,NA
"103","196_1",4.93896158906792,0.00623558176734239,0.0337265676058465,4.96723821132854,0.0580211238112936,0.095961508385055,133.348794599908,136.873074035924,1.65842835183695,1.59669195878675,205.576032912167,4.96723749216828,0.0580214281095753,0.0959616338339524,133.348851222941,NA,NA,NA,NA
"104","197_1",5.47077408640148,0.0300564966476652,0.0319128385883211,5.57772998980939,0.349779886869925,0.103360923986506,107.310310203032,NA,NA,NA,NA,5.57773134888574,0.349779345481242,0.103360832141121,107.310259497657,NA,NA,NA,NA
"105","198_1",-1.57268899689132,-5.98328176721401,0.0219807840733189,-1.59345135721123,-3.48166091913914,0.0237179843330972,-21.2866383410154,0.211141782432906,0.013368645158591,0.135483493346689,41.8020183924822,-28.508984947926,-1.58017196720091,0.358536793259158,19.8193558235223,-1.57757764495092,-5.49551429409597,0.0735207473109943,-14.3785413390313
"106","199_1",-1.67771936047338,-4.97004024399782,0.0587245811589525,-1.71139950952775,-6.39349782116725,0.643385265396407,-5.99967051210918,0.189574255563615,0.00510021043961764,0.135150637808556,11.1195563414407,-1.71139794749905,-6.39369933340386,0.643400560914315,-6.00022899960239,-1.71942717957072,-4.752587177823,0.225611425402121,-2.1251344335144
"107","2_1",-2.21800742304897,-5.0505408052449,0.131489039074527,-2.21627607664653,-3.66743019104096,0.0986926339920849,-6.64163499481338,0.112427700322486,0.0102930245969723,0.213426998266039,6.59275171929711,-2.22562179394295,-619.822582711657,104.169344986752,-32.6408864491596,-2.21734542655207,-5.43829090059348,0.160850147311688,-15.5536967765785
"108","20_1",7.22372741506939,0.108062015027909,0.0927521177421955,7.42251603639351,0.447088249694622,0.382762735517583,25.2867529857853,NA,NA,NA,NA,7.42251677185719,0.447082217539258,0.382762478006414,25.2866925147391,NA,NA,NA,NA
"109","200_1",-1.7026915537181,-5.22854591873718,0.0851510245104604,-1.68537472690039,-4.76580338853218,0.307624449610256,-5.84474878697544,0.181455652051346,0.00208399593180658,0.112680381934526,5.9911642282999,-1.74383236380795,-568.814982760088,88.259464714546,-33.3792855219,-1.72392954183169,-5.25033314745922,0.185340293185676,-10.3950097244427
"110","201_1",-1.34353950854964,-8.90053290469858,0.0069741381067953,-1.35242198761049,-3.18914667239459,0.0142581453902946,-12.6703259854661,0.244765358222717,0.0180565015692699,0.0366607365811485,128.243267042174,-1.40609169740275,-5.33195123524483,0.0717791400583579,-1.45316428295465,-1.40892504902639,-5.71160131106622,0.027743942006005,-32.3231133550746
"111","202_1",-1.34216249843983,-5.06928402121367,0.0222369560668426,-1.24975367413862,-3.04110096023073,0.0156539332692682,-47.0738523400645,0.258097896629885,0.00937347192670215,0.0553722987245795,32.2117537174152,-1.36289128186499,-693.958937585715,29.8096106282588,-124.106573232056,-1.35307602011202,-5.18170925459206,0.0446412895009999,-54.6360636063441
"112","203_1",-1.16099782676454,-4.92208152804619,0.0366338180599143,-1.18984320244381,-4.25496371644428,0.209067776053161,-6.67317538332104,0.292861937249463,0.0105326921523603,0.144728595026891,14.6971697744466,-1.22088397991361,-370.335785415446,30.5154186744271,-58.4791906300867,-1.22024253962611,-4.99974393967765,0.113700050603884,-17.6267024136773
"113","204_1",-1.49624976727758,-4.76579776900173,0.109899139818649,-1.53042919471207,-2.99349078999346,0.102405631904403,-5.78271751797258,0.223502842801904,0.0327916092068277,0.56335512616238,7.61604605320692,-6.69116387211364,-1.51140274446356,0.602155142165666,9.19582490468901,-1.50702328989465,-3.94164311941444,0.370634204111123,0.707514971151683
"114","205_1",-1.57789145884706,-7.38635607840779,0.00336953350857724,-1.79181607403932,-49.6370010927349,0.363255619360565,-366.692846649167,0.159160861654767,0.00947033254986678,0.0182198494101857,220.547463646145,NA,NA,NA,NA,-2.4960170090744,-0.00208620984201557,0.37078373975383,-445.65118256273
"115","206_1",8.62653185919549,3.49837644058832,0.124867495639114,5.6813254827725,3.98834271232424,1.87540406259924,3.96523302868252,NA,NA,NA,NA,5.68132382300923,3.98834274930913,1.87542903447013,3.96524698126858,NA,NA,NA,NA
"116","207_1",12.0157377594153,3.61723587624237,0.252017740397968,8.0379444752205,3.82353041344845,2.4706086985039,1.10191215130771,NA,NA,NA,NA,8.03794080645426,3.82353315003096,2.47061338828247,1.10191859273207,NA,NA,NA,NA
"117","208_1",10.3625391823854,4.25816155300399,1.1616361344847,NA,NA,NA,NA,NA,NA,NA,NA,NA,NA,NA,NA,NA,NA,NA,NA
"118","209_1",8.81392677172235,3.88431154479588,3.36582944295398,8.74750903433616,3.46033370702624,16.6023719049367,-0.0444015321776974,NA,NA,NA,NA,8.74751408708853,3.46031701090236,16.6023253127031,-0.0444048690345311,NA,NA,NA,NA
"119","21_1",5.94713023016269,0.0383644876996958,0.0182816017895671,6.22620114753504,0.16437892323047,0.0593124976732901,162.47303324404,NA,NA,NA,NA,6.22619638296321,0.16438426322474,0.0593127013760928,162.473681429562,NA,NA,NA,NA
"120","210_1",33617269.8025747,3.60953504530938,0.0977107191025461,NA,NA,NA,NA,NA,NA,NA,NA,NA,NA,NA,NA,NA,NA,NA,NA
"121","211_1",9.58424519291516,3.43850399949883,0.336833768157903,NA,NA,NA,NA,NA,NA,NA,NA,NA,NA,NA,NA,NA,NA,NA,NA
"122","214_1",9.1978506362438,3.4889802094232,3.13695190875582,NA,NA,NA,NA,NA,NA,NA,NA,NA,NA,NA,NA,NA,NA,NA,NA
"123","215_1",4803724.94370335,3.64436411542556,0.0275870161171471,3.77148937865023,4.80210341327412,4.52509161147678,5.35573709419565,NA,NA,NA,NA,NA,NA,NA,NA,NA,NA,NA,NA
"124","217_1",7.67097035468432,0.199840138937584,0.00428091899086872,NA,NA,NA,NA,NA,NA,NA,NA,NA,NA,NA,NA,NA,NA,NA,NA
"125","22_1",6.47524325509623,0.128800628727572,0.150861777365153,7.15076115478213,-0.0757313629919904,0.522774755854803,10.7838166099601,NA,NA,NA,NA,7.15074310513438,-0.0757212096929573,0.522776099478838,10.7838908756327,NA,NA,NA,NA
"126","221_1",7.43600257053983,0.443265413793319,0.000394045117879772,7.20944957069794,1.62821790411876,0.00186930521580176,4476.44855074931,NA,NA,NA,NA,NA,NA,NA,NA,NA,NA,NA,NA
"127","224_1",NA,NA,NA,NA,NA,NA,NA,NA,NA,NA,NA,NA,NA,NA,NA,NA,NA,NA,NA
"128","226_1",7.92673727668548,0.262153904585064,0.0051189758500121,NA,NA,NA,NA,NA,NA,NA,NA,NA,NA,NA,NA,NA,NA,NA,NA
"129","227_1",6.62607549002737,0.41795387003959,0.000562201825072369,7.24472413682815,-0.260574554127051,0.00204676564755551,635.471339972876,NA,NA,NA,NA,NA,NA,NA,NA,NA,NA,NA,NA
"130","229_1",7.58448142510212,0.142421536616993,0.00514548229605899,NA,NA,NA,NA,NA,NA,NA,NA,NA,NA,NA,NA,NA,NA,NA,NA
"131","23_1",6.09831800253145,0.0306681154001591,0.0222085387700401,6.1913241209488,0.267628816218923,0.0813156804579017,155.126118525303,NA,NA,NA,NA,6.19132467022449,0.267628532573367,0.081315643356795,155.126077875254,NA,NA,NA,NA
"132","230_1",7.59241198737485,0.0336826085490256,0.000864718276607921,8.09599748420024,0.367343051088283,0.00378084345898983,4115.79295301211,NA,NA,NA,NA,21.7104707010629,-2.44060096437683,0.00240307806249241,216.279662723599,NA,NA,NA,NA
"133","233_1",5.68565188892342,0.00132603395337712,0.00110008394561467,5.89946976357123,0.054680366649499,0.0031201628965688,5526.74183677418,NA,NA,NA,NA,NA,NA,NA,NA,NA,NA,NA,NA
"134","234_1",11.5221076897876,4.83611857673466,0.176358030215273,9.42702472235485,5.4241692907999,2.35623074913046,2.88448761750038,NA,NA,NA,NA,9.42701773816733,5.42416718117947,2.35624807100145,2.88448987713372,NA,NA,NA,NA
"135","235_1",10.0844992721952,3.14580239813076,0.433673424405812,9.4596084593396,4.63060624432437,3.6350402229417,2.17933670678942,NA,NA,NA,NA,9.4596070576343,4.63060908494371,3.63504936395702,2.17934260460602,NA,NA,NA,NA
"136","236_1",20503198.9099711,4.33407321579223,0.122522838140571,9.82272631667603,4.69022740975867,2.55160631426211,1.69727122358473,NA,NA,NA,NA,9.82271310501218,4.69022810851592,2.55160977495211,1.69727303927398,NA,NA,NA,NA
"137","237_1",43123267.7777118,5.06531151474253,0.28119049905209,NA,NA,NA,NA,NA,NA,NA,NA,NA,NA,NA,NA,NA,NA,NA,NA
"138","238_1",27.8884081923298,4.4102785844984,0.624210470589011,12.1386185595316,4.07080304221964,8.05928748301701,0.0806881280881538,NA,NA,NA,NA,12.1386124695197,4.0708044998248,8.05928871458763,0.0806886638912642,NA,NA,NA,NA
"139","239_1",9.84162223340399,4.91612377873324,0.664870472174955,NA,NA,NA,NA,NA,NA,NA,NA,NA,NA,NA,NA,NA,NA,NA,NA
"140","24_1",7.40186216170537,0.0657883096856902,0.0324600495341546,7.56297186519788,0.245305430917514,0.144105661152938,87.3900416670547,NA,NA,NA,NA,-0.323890103161728,7.28106634538509,0.127841535451255,212.833523193272,NA,NA,NA,NA
"141","240_1",12.9134605660648,3.93222044074019,0.393757348102807,NA,NA,NA,NA,NA,NA,NA,NA,NA,NA,NA,NA,NA,NA,NA,NA
"142","244_1",11.1804794018786,4.16023647918585,0.422452572732272,9.48449946637654,4.71751959805124,5.23395157592771,1.47159169503247,NA,NA,NA,NA,9.48448799471759,4.71752248512117,5.23401900733686,1.47160369673019,NA,NA,NA,NA
"143","245_1",5.90265972870424,0.166488469506962,0.0429570958992513,6.36061494171143,-0.899231550313271,0.138783004004661,15.1071644991828,NA,NA,NA,NA,6.36060715791127,-0.899218776520432,0.138783230026858,15.1074628792501,NA,NA,NA,NA
"144","246_1",7.37633513136024,0.230333462195625,0.0615835242969929,8.22181940194758,-1.64213779004727,0.249182505220857,4.07479725600787,NA,NA,NA,NA,8.22182146044247,-1.64214585623005,0.249182509296891,4.0747199871062,NA,NA,NA,NA
"145","247_1",3.04312467173113,0.000490592907814545,0.0357171947587207,3.05994453690418,0.0891657622748215,0.0662338574331527,191.985374722645,NA,NA,NA,NA,3.05994260394397,0.0891709371051587,0.0662349113896388,191.986582261751,NA,NA,NA,NA
"146","248_1",8.10839132172109,0.371880413980497,0.091794753079844,10.2766550547544,-0.969243808647964,0.376730001074852,1.76025696984582,NA,NA,NA,NA,10.2766575914421,-0.969245472693808,0.376729960068294,1.76024392951819,NA,NA,NA,NA
"147","249_1",5.61793586598376,0.0193719054771037,0.0231245193173804,5.62854585892371,0.540825349156704,0.0836076437227144,180.525214787209,162.877455030113,195.842944848815,0.114979521090748,-2639.28426107055,5.62854364312661,0.540827489714589,0.0836079982020699,180.525531479367,NA,NA,NA,NA
"148","25_1",5.82119178671844,0.0376936998335381,0.0678445592539691,5.94720538723623,-0.0400223893965616,0.225977554203118,42.0877542220784,NA,NA,NA,NA,-1.81059546532513,5.85076835112023,0.188290939567112,110.226074100815,NA,NA,NA,NA
"149","250_1",5.93079114594894,0.0207841755515523,0.0260410549919578,6.4226986463203,0.0175480018698049,0.0820687147688065,131.216005807109,NA,NA,NA,NA,6.4226985402853,0.0175481237052748,0.0820687142187279,131.216007343704,NA,NA,NA,NA
"150","251_1",7.41102337036193,0.0684819898269439,0.0514999871831588,7.66858355274687,0.000174848614343434,0.214662943021339,49.180955701574,NA,NA,NA,NA,7.66858427350443,0.000170851076890637,0.214662917631588,49.1809042641296,NA,NA,NA,NA
"151","252_1",7.04989972149923,0.262255213052154,0.0576289362414137,6.94041609739726,1.28061924839431,0.270887084725715,37.4437372539282,NA,NA,NA,NA,6.94041427026019,1.28062323563837,0.270887432119606,37.4438086701867,NA,NA,NA,NA
"152","253_1",7.01027697458286,0.0922221102033209,0.0128926758305328,8.1589692797059,-0.123052016753584,0.0456815596135316,148.327532286934,NA,NA,NA,NA,8.15896173792893,-0.123050488873986,0.0456815880476188,148.327672728841,NA,NA,NA,NA
"153","254_1",7.40255495166407,0.528240796609557,0.0934222485105359,7.25453422474607,1.23127117599735,0.458686035171679,15.1575901347578,NA,NA,NA,NA,7.25452794687578,1.2312741925832,0.458686991902774,15.1576320790181,NA,NA,NA,NA
"154","255_1",5.60806123850559,0.044440378050111,0.0179528703182754,5.72637601363809,0.138624341108539,0.0590780884154696,158.677669081174,NA,NA,NA,NA,5.72637008396232,0.13863309409461,0.0590784562910577,158.67878251596,NA,NA,NA,NA
"155","256_1",7.20186406339085,0.10868042968693,0.0310833961717282,7.45612603789327,-0.0047568952182884,0.125680089744984,64.5113669305354,NA,NA,NA,NA,7.45612421198088,-0.00475672487992811,0.125680238535737,64.5114468493969,NA,NA,NA,NA
"156","257_1",7.55742486741185,0.451014668585134,0.0352015605072776,8.06306706596478,-0.428205934462567,0.145353969353219,8.32498441936113,NA,NA,NA,NA,-3.25290988879509,7.45547181728076,0.137908317363833,138.547992959333,NA,NA,NA,NA
"157","258_1",8.38004194831199,0.598189570741468,0.0442175987892956,8.64222188833702,1.01943645093536,0.219774887947724,24.3937132370672,NA,NA,NA,NA,8.642226769244,1.01942680465628,0.219774564918236,24.3935391769471,NA,NA,NA,NA
"158","259_1",6.63434209688329,0.165470453492403,0.0115577215861224,7.95560723650502,-0.424975987887986,0.038257912048296,87.536362161471,NA,NA,NA,NA,NA,NA,NA,NA,NA,NA,NA,NA
"159","26_1",6.08299373983451,0.0656349708948557,0.0887636720610843,6.39743847834776,0.0907751356782516,0.299142076474187,27.279942387463,NA,NA,NA,NA,6.39743669762746,0.0907723130473505,0.299142138980911,27.2799122344711,NA,NA,NA,NA
"160","260_1",8.35482286985355,0.441170447939958,0.0837734278062619,9.31120318551446,0.48607602534257,0.389785635690186,12.3876659861367,NA,NA,NA,NA,9.31119320105629,0.48607904217582,0.389785939476083,12.3876970288003,NA,NA,NA,NA
"161","261_1",6.1211005889332,0.172887145932005,0.0150465619600162,NA,NA,NA,NA,NA,NA,NA,NA,NA,NA,NA,NA,NA,NA,NA,NA
"162","262_1",7.21968920096353,0.122741813149994,0.0260575067017407,7.57703079552577,-0.0975574887665725,0.106650557309922,71.4735819905714,NA,NA,NA,NA,-1.93886263939832,7.19256249038385,0.0932495416096542,245.503180645323,NA,NA,NA,NA
"163","263_1",-1.52812595308383,-7.84367403838202,0.0148123884883896,-1.50281313612269,-3.3130742227434,0.0178650996733501,-33.8318277384854,0.208518283887019,0.010568655966054,0.0885484458838226,58.6579291617762,-56.5641442448177,-1.56494953452741,0.42840433226862,7.64540365111986,-1.56089877100976,-7.69750440705351,0.0517555053314809,-59.1833120692863
"164","264_1",-1.46912063649809,-5.42068800468495,0.0381372263469885,-1.50584474333936,-4.78675939167564,0.264383930551913,-3.57751789542292,0.211914548163438,0.011398161902672,0.261178891167444,14.8457380052373,-31.2929345819142,-1.54576042131955,0.88494128679492,6.58658087820301,-1.53825499508014,-5.18171383317931,0.163714116475452,-6.00305285995519
"165","265_1",-2.06420218785764,-5.52791880303386,0.104992495512736,-2.05042614291381,-5.09910078257205,0.481091289782915,-2.62011462008183,0.128939333761636,0.0098258556660723,0.272863665975256,8.89706622652041,-2.08270177152671,-800.410166059105,130.827201516077,-33.6278041543944,-2.0670782782847,-5.59330355080078,0.194485803055248,-10.2950663186513
"166","266_1",-1.13015305639641,-5.97942908368081,0.00133613370430504,-1.80914381477766,-6.24355002193405,0.0315547997659762,-60.1875864378517,0.157318159101991,0.00651721130869487,0.0124771887992251,265.307510680117,NA,NA,NA,NA,-1.8489037518221,-5.53096618478659,0.0118508840704309,-45.217954170741
"167","267_1",-1.6639237776145,-6.33567601132871,0.0433261084427198,-1.70157205763883,-2.75178745599331,0.0116250303309164,-27.4969539818279,0.195184200936527,0.0193107953138201,0.0839709420547101,28.3122294314592,-1.67728015287617,-1409.68594859992,111.059642943718,-73.416264512169,-1.65902151861805,-3.45888215393858,1.1765301562239,44.0988239489382
"168","268_1",-1.59917185553056,-4.61927572452393,0.0798552816281514,-1.61304307808936,-5.80977865693461,0.632375643173073,-6.23328724593679,0.203688861629228,0.0210497426402699,0.24977058711918,9.40178089262712,-1.61304429670234,-5.80932663645656,0.632326631571729,-6.23220231147967,-1.61396717007228,-4.19409096873541,0.212970681167785,-3.02557001999831
"169","269_1",-1.56196801419449,-4.06859143898055,0.0776292189837601,-1.58128460486237,-14.2877690079064,1.72083165192569,-16.0172161848911,0.206927963034513,0.0176831737293621,0.185295999367737,7.58874310905825,-1.58032401464291,-25.1625479643097,3.1003697495554,-20.7816664727405,-1.58372139216244,-4.00142783143942,0.199937052808883,-3.90138417899636
"170","27_1",6.27658756664484,0.0766185083708387,0.0150288393380469,6.57314439741023,0.327229405456743,0.0527470555988351,165.753950843481,NA,NA,NA,NA,6.57314980454338,0.327229321742011,0.0527469906180542,165.753884726132,NA,NA,NA,NA
"171","270_1",-1.45378381940588,-7.01856369533892,0.00582609142980159,-1.47906171918942,-3.68336227282388,0.0197659223073782,3.66128330862265,0.210230978229245,0.0144102457112265,0.0286738423332476,140.982273148637,NA,NA,NA,NA,-1.55544969879779,-5.40666787216742,0.0228274729170365,-31.8911802298128
"172","271_1",-1.5642693023237,-6.63222125478819,0.0429539709942363,-1.63775084951035,-2.68414988388038,0.0124477712520621,-23.0318941136958,0.22442082775132,0.0211815020416961,0.0980622799055226,35.133748749624,-1.58299581373328,-2373.62942980488,208.512187278541,-69.7761485426788,-1.55336283172277,-23.4148373213365,0.0552856944792504,-373.259110557328
"173","272_1",-0.406409771902648,-4.25384612637387,0.0098691735365897,-0.659365453527178,-75.0257094408931,5.00865299726467,-50.9471368741056,0.524184770591695,0.00171947563997432,0.072583464251796,15.2426281973233,-0.658710242143359,-149.332606734514,9.932851945889,-60.2841858253048,-0.674520521620496,-4.1421114579054,0.121187043123438,-8.91185573795225
"174","273_1",-1.81800063312384,-4.11988929057496,0.0962301389505532,-1.81326700737305,-3.69068338933631,0.288428662582659,-1.17256043327768,0.164238570579472,0.0246286672790205,0.349719889469534,7.93752174114386,-1.82327829121603,-4.4890670628623,0.512281076269187,-2.62458512640575,-1.82238264244381,-3.9115251520955,0.27425213825729,0.00177220885676027
"175","274_1",-1.08314142551375,-5.71173330616495,0.0027709719787284,-1.30220704856897,-76.8259003543043,0.541677249886303,-471.150610983733,0.260776222725648,0.016456517589926,0.0148993651342539,199.025713574483,NA,NA,NA,NA,-1.32033140147813,-5.77798392679231,0.0110130197896899,-212.476188876524
"176","275_1",9.85188189914387,6.50157583764558,0.0104626703260687,9.88864419592035,7.36669419441317,0.0156004521862777,-39.8510987887775,NA,NA,NA,NA,9.79539755458142,7.08178663842344,0.0584597600548385,67.6319613560275,NA,NA,NA,NA
"177","275_2",9.78974624015158,6.34654438804973,0.00815580050189598,9.69208043360231,6.90766775732518,0.478794197469219,170.794255098729,NA,NA,NA,NA,9.69208036284398,6.90766766772012,0.568602548910652,172.173560918494,NA,NA,NA,NA
"178","275_3",9.7905410220823,6.53395059269352,0.00968686739448216,9.81531754039399,7.75185822077639,0.00975323509492753,-57.0259464476088,NA,NA,NA,NA,9.73915606770965,7.14893370855172,0.0611803902402575,90.4444111521308,NA,NA,NA,NA
"179","275_4",9.88236997080142,5.86565277939418,0.00912202392255927,9.91021872319093,7.54552223224943,0.0124187729611684,6.13850436289499,NA,NA,NA,NA,9.80665987317603,6.84266690451616,0.488504689160144,185.948618397847,NA,NA,NA,NA
"180","275_5",9.81548445345491,6.38504498214516,0.0105212075116465,9.89173011087174,7.7419536767672,0.00991848251577964,-45.7147248344553,NA,NA,NA,NA,9.77221300439714,7.04285191989403,0.055380609656425,70.2391403372077,NA,NA,NA,NA
"181","276_1",9.15718922472997,6.19154159431023,0.0329169945470871,9.15921351516851,-475.210845476959,11.8206553989464,-208.83192310666,NA,NA,NA,NA,NA,NA,NA,NA,NA,NA,NA,NA
"182","276_2",9.27117563289754,7.44375780344841,0.0053619040409171,9.25402864973482,-1788.21021617109,8.15618592750637,-1464.13193140008,NA,NA,NA,NA,NA,NA,NA,NA,NA,NA,NA,NA
"183","276_3",9.12426726436239,6.28802500094473,0.0303134640872211,9.12713016419675,-392.785671675794,8.92205169035244,-224.717468115247,NA,NA,NA,NA,NA,NA,NA,NA,NA,NA,NA,NA
"184","276_4",9.2556924274026,5.71379383017654,0.0223457581490454,9.30192742560254,-565.708064497781,6.36561417395094,-469.225541611792,NA,NA,NA,NA,NA,NA,NA,NA,NA,NA,NA,NA
"185","276_5",9.28505599620008,6.770939740012,0.0206711216608565,9.40685118447929,7.29709178682099,0.0128795807855514,-97.1059495271062,NA,NA,NA,NA,NA,NA,NA,NA,NA,NA,NA,NA
"186","277_1",8.42608631127346,5.95027613244493,0.00332561777706298,7.97377219285437,5.9459844912515,0.0328348901239329,126.346886698693,NA,NA,NA,NA,7.93758516839437,5.86819780456054,0.0437709801965356,127.550177926886,NA,NA,NA,NA
"187","277_2",11.8931092338897,6.07355558491065,0.00104145137228354,8.10386560219138,6.0727323930633,0.0562241948182332,245.199196407364,NA,NA,NA,NA,NA,NA,NA,NA,NA,NA,NA,NA
"188","277_3",8.93667027246232,5.7427848040967,0.00327100990954124,8.31196543615723,5.90398984624927,0.37557650019122,237.910054484775,NA,NA,NA,NA,8.31196497690527,5.9039895024206,0.549564502026992,241.376998790033,NA,NA,NA,NA
"189","277_4",9.34341050426721,5.6665479743466,0.00226357985676633,8.29086408270667,5.87579103130598,0.136831338585506,273.537026608346,NA,NA,NA,NA,8.29086444504696,5.87579200170811,0.136824389293141,273.53508842235,NA,NA,NA,NA
"190","277_5",9.46891704007855,6.46266198529667,0.00146596562473448,8.24017522852249,6.58110028355514,0.0399416176421341,276.515999516129,NA,NA,NA,NA,NA,NA,NA,NA,NA,NA,NA,NA
"191","278_1",10.5916739668292,5.66609289461202,0.00283541174011881,9.71738553040831,6.05990064928706,0.0426210677421024,197.051177217049,NA,NA,NA,NA,NA,NA,NA,NA,NA,NA,NA,NA
"192","278_2",10.5288257860139,5.62503396320183,0.00296878573072693,9.6742189434792,6.18899757633612,0.0671801476090417,237.208047355154,NA,NA,NA,NA,9.67417843936495,6.18900963248065,0.0672000903826415,237.219565476126,NA,NA,NA,NA
"193","278_3",10.8058645755588,6.72157665724853,0.00214948391694476,9.82700954211875,7.0689693451689,0.0219786431584604,186.686358375884,NA,NA,NA,NA,NA,NA,NA,NA,NA,NA,NA,NA
"194","278_4",10.4007398861554,5.95379515539875,0.00340036215158467,10.0314198463291,6.23498715106275,0.0205706752677911,75.9213864925335,NA,NA,NA,NA,10.0314509933279,6.23488451107464,0.0205696127214902,75.8983036250406,NA,NA,NA,NA
"195","278_5",10.0222909511491,6.3055607427689,0.00370643750083392,9.72767773796069,7.99958778192215,0.021740635522205,308.474541171702,NA,NA,NA,NA,9.72767956492207,7.99957882953499,0.0217400497129838,308.470087204335,NA,NA,NA,NA
"196","279_1",9.99122973823684,6.28110127573673,0.00537299875949448,9.79337509401172,6.57985150120466,0.0371486357271931,88.4809937660908,NA,NA,NA,NA,9.79335115226822,6.5798221254058,0.037152788666315,88.486666697336,NA,NA,NA,NA
"197","279_2",10.0168168689854,6.42485775996675,0.00645006579907694,9.9915827916324,6.47394832024647,0.0240545444957087,-13.1349145475947,NA,NA,NA,NA,9.99158259978732,6.47395476462421,0.0240545370852959,-13.1342688888135,NA,NA,NA,NA
"198","279_3",9.98300116441201,6.48897944733608,0.0048908510991728,9.77124544928829,6.81702529835068,0.0339186954095778,102.949400481792,NA,NA,NA,NA,9.77124097952474,6.8170349330874,0.0339196244137774,102.953001310629,NA,NA,NA,NA
"199","279_4",10.0395896406515,5.93923829012079,0.0048996145151442,9.79234163062375,6.33633226159475,0.0423651682392507,121.355492854926,NA,NA,NA,NA,9.79233436405167,6.33634244959742,0.0423669129164671,121.359983618177,NA,NA,NA,NA
"200","279_5",10.0023987273214,5.80060556130394,0.00620206735954678,9.76427944709229,6.14914766107111,0.0666798085167467,110.577888309674,NA,NA,NA,NA,9.76426327717927,6.14913151512716,0.0666870030577379,110.583146020696,NA,NA,NA,NA
"201","28_1",6.20800755368332,0.045128620504624,0.172479565896712,6.52261714195412,0.278122474084124,0.6232318425257,17.7486383097307,NA,NA,NA,NA,6.5226148597715,0.278122708735297,0.623232181029863,17.7486428278367,NA,NA,NA,NA
"202","280_1",20.9597283451092,4.26748934312929,0.0432172253421423,21.6285560037454,1.29893307770636,0.535281533128714,-9.02436814101385,NA,NA,NA,NA,21.6285631725028,1.29891181451537,0.535281279632445,-9.02448273006396,NA,NA,NA,NA
"203","281_1",20.9733262376349,4.16567717976181,0.0684221245639684,21.3583764319918,2.33366624196985,0.853549916299062,-2.20290956335953,NA,NA,NA,NA,21.3583794135128,2.33361163306618,0.853550435872502,-2.20306555201515,NA,NA,NA,NA
"204","282_1",21.620473191364,3.72893643238528,0.12156029640446,21.7399019853401,3.86878527564306,1.5928961004887,2.83846433992942,NA,NA,NA,NA,21.739896098135,3.8687921288813,1.59289792322717,2.83848511529055,NA,NA,NA,NA
"205","283_1",21.6830833569509,4.17031020748133,0.206106119715517,21.7382842485539,4.16416412796844,2.76428055027695,1.47177799909273,NA,NA,NA,NA,21.738285930618,4.1641619783484,2.76427969446095,1.47177434279908,NA,NA,NA,NA
"206","284_1",13.745284979267,3.49246148358296,0.00710698934180551,15.6494280979002,0.780314170365464,0.0552247838690122,-103.97329474865,NA,NA,NA,NA,15.649434387692,0.780308587279998,0.0552247776255142,-103.973554958263,NA,NA,NA,NA
"207","285_1",19.9688375627259,3.96895699950697,0.0170229859847593,20.6994526419637,0.740959378349201,0.201386945923301,-27.517007475729,NA,NA,NA,NA,20.6994544120135,0.740954854712781,0.20138692196437,-27.5170721684506,NA,NA,NA,NA
"208","29_1",6.99596359502354,0.0922452895110744,0.018199351162435,7.07180554180993,0.625976056202043,0.0791944974699044,151.551885228195,NA,NA,NA,NA,7.07180691481836,0.625972347799448,0.0791943578464981,151.551547347751,NA,NA,NA,NA
"209","3_1",-2.17068457890729,-4.92740670012841,0.158298906135596,-2.24782588578403,-3.23121792259325,0.0392739081258128,-11.7219119550244,-0.240639239394655,0.0772063855156694,-0.000611250114477972,-1672.09017541745,-2.1937894011353,-4.61744915403968,0.788067164587062,-0.199139949387676,-2.19590486644551,-4.47860293567542,0.467133246299632,0.725137983246885
"210","30_1",7.75143301955122,0.116763848456567,0.0238922682176893,8.28316350605835,0.241190199479907,0.104333409636309,92.2575392054356,NA,NA,NA,NA,8.28316275888152,0.241190345438952,0.104333424616327,92.2575515619593,NA,NA,NA,NA
"211","31_1",6.78205774595722,0.110603081669043,0.0486055300874919,6.98643799305284,0.0151882916646204,0.189189577295557,41.132824664902,NA,NA,NA,NA,6.98643509350702,0.015189795559169,0.189189830971607,41.1328860153525,NA,NA,NA,NA
"212","32_1",7.48654734774269,0.200325038048166,0.0633056599368961,8.01457153210592,-0.065732975466033,0.256552421823415,21.0505901199676,NA,NA,NA,NA,8.0145631505188,-0.0657263977662409,0.256552771612413,21.050685045065,NA,NA,NA,NA
"213","33_1",7.29202219083684,0.0152206599895875,0.0196694186342503,7.7275163280084,-0.00601055454749587,0.0750428800313741,198.093505049754,NA,NA,NA,NA,7.72750959276137,-0.00600856576745978,0.0750430524486188,198.093752609181,NA,NA,NA,NA
"214","34_1",6.58976670814017,0.148155064139769,0.116489555435492,7.16307072776686,0.3067197488633,0.424540781778717,15.8331256401143,NA,NA,NA,NA,7.16307546450593,0.306718805664489,0.424540484389558,15.8331129056182,NA,NA,NA,NA
"215","35_1",7.94076019083266,0.0399877962025718,0.0181069935456038,8.21360236087349,0.232079892129553,0.0827969066380975,183.197006059053,NA,NA,NA,NA,8.21360102972401,0.232080977470546,0.0827969643610266,183.197118737961,NA,NA,NA,NA
"216","36_1",7.23293346694906,0.0292807566424226,0.0320267618117216,7.49263388132911,0.0307334649225272,0.127586584571627,102.776463107521,NA,NA,NA,NA,7.49263740485943,0.0307328639985868,0.127586391446491,102.77637739498,NA,NA,NA,NA
"217","37_1",5.78488374336334,0.0264437618630302,0.0649496983506738,5.90394511224877,0.0284293064853501,0.218949388571641,50.9571380881178,NA,NA,NA,NA,5.9039448632922,0.0284304806913415,0.21894948130926,50.9571686956282,NA,NA,NA,NA
"218","38_1",7.62216978596506,0.1701214120031,0.075510144461443,7.96038035630986,0.315885152445759,0.323227177446795,24.1578950064422,NA,NA,NA,NA,7.96039023673055,0.315883058499845,0.323226504398403,24.157846765307,NA,NA,NA,NA
"219","39_1",6.40822124029406,0.071329038642569,0.01726115487254,6.68702380734733,0.156107775977328,0.0610484636790254,140.004251915357,NA,NA,NA,NA,6.68702365081832,0.156107957006084,0.0610484694334473,140.004271037256,NA,NA,NA,NA
"220","4_1",-3.00513808401137,-4.06689156784566,0.00471886566345051,-3.03732421647215,-4.64248895530921,0.00965642145420105,-156.305366586775,0.0472040573738035,0.0206064999548913,0.0105859234916415,176.81544270399,NA,NA,NA,NA,-3.04291884944661,-3.98085093237023,0.00790139810576238,19.8553423694551
"221","40_1",6.77763568581212,0.110170158538993,0.146453036856597,7.24291672865913,0.428646989226207,0.557674115806366,15.523582585479,NA,NA,NA,NA,7.24291055742315,0.428649031452161,0.557674673542589,15.5236000973887,NA,NA,NA,NA
"222","41_1",7.14207284801633,0.151903366409572,0.0177454412093371,NA,NA,NA,NA,NA,NA,NA,NA,NA,NA,NA,NA,NA,NA,NA,NA
"223","42_1",7.02776037144039,0.0901525857888387,0.0299504744356813,7.23275032730728,0.0838985964365936,0.122506994094226,76.5656540928371,NA,NA,NA,NA,NA,NA,NA,NA,NA,NA,NA,NA
"224","43_1",6.28302450603727,0.16829875890148,0.043128608333434,6.52173645956482,0.00474883460477462,0.151822605124495,33.2326484904731,NA,NA,NA,NA,-1.41460019268472,6.20452854343228,0.141243507068458,133.374937487767,NA,NA,NA,NA
"225","44_1",5.72989278365525,0.125344230762412,0.0755106506102478,6.00667149783361,0.133697050823153,0.241398802337592,23.195473197698,NA,NA,NA,NA,6.00667131923773,0.133694731480362,0.241398741012424,23.1954349600595,NA,NA,NA,NA
"226","45_1",5.7555308023549,0.0740180199931133,0.018319666613917,5.95193780268406,0.035960185897591,0.0588742444910345,120.042037438378,NA,NA,NA,NA,5.95193762482492,0.0359606709615183,0.0588742553170143,120.04208307498,NA,NA,NA,NA
"227","46_1",5.8713918517964,0.0569813273374496,0.144858271665537,NA,NA,NA,NA,NA,NA,NA,NA,NA,NA,NA,NA,NA,NA,NA,NA
"228","47_1",6.30488491360987,0.0872206278719332,0.0183972268806147,NA,NA,NA,NA,NA,NA,NA,NA,NA,NA,NA,NA,NA,NA,NA,NA
"229","48_1",7.03954544160287,0.23668375796226,0.0202524887720979,7.41170041121083,0.327279378670433,0.0821927547696317,73.4884912142678,NA,NA,NA,NA,7.41169920034087,0.327279974890516,0.0821927864175203,73.4885451845866,NA,NA,NA,NA
"230","49_1",17.5142279159681,0.478449615101081,0.00479768839329693,6.48246609357253,0.984569629014288,0.0382698301431301,285.753815067836,NA,NA,NA,NA,6.48246171820171,0.984570200318202,0.0382698646856754,285.753975624428,NA,NA,NA,NA
"231","5_1",-1.59234621572199,-3.63874849165279,0.0419565519273963,-1.629584258344,-1.85546935579855,0.00313619385571335,-12.7773649208977,NA,NA,NA,NA,NA,NA,NA,NA,-1.59336082954724,-2.62359994237216,0.185882655886563,22.9421579396983
"232","50_1",5.59413984343931,0.611593243797338,0.070842758001844,5.69277729166965,1.08045763874489,0.133445760049318,-3.68973907918952,169.506166124315,36.7175772403259,0.20609062070454,-2447.93479512976,5.55556100679487,0.995281107165594,0.292544761655634,16.4621880460766,NA,NA,NA,NA
"233","52_1",4.28729240495136,0.664773059035831,0.0193092506309439,3.83867605156447,1.00950419379572,0.104002759745639,80.3134355245199,44.6272825687779,2.74435896871783,0.494957138380562,92.7043751342943,3.83867599644629,1.00950419407788,0.1040027783781,80.3134424621766,NA,NA,NA,NA
"234","53_1",6.43151671934873,0.84588853714,0.030666376511983,6.39824602033595,0.990265174238112,0.150834731710816,33.02811455345,NA,NA,NA,NA,6.39824399311271,0.990265591890399,0.150835693183905,33.0284322984818,NA,NA,NA,NA
"235","54_1",24355777.5633653,0.313254385397987,0.00606397774635302,4.25753466061193,1.00485634543719,0.135847921679326,326.005279428414,NA,NA,NA,NA,4.25753205935203,1.00485635779506,0.135848479468997,326.005374319229,NA,NA,NA,NA
"236","55_1",6.19390233205069,0.876472202208235,0.0520314304636276,6.19906697602806,0.913493898575919,0.206974356391119,10.5383134432356,NA,NA,NA,NA,6.19906537044545,0.913501254292845,0.206976030044066,10.5385986397598,NA,NA,NA,NA
"237","56_1",5.25682371526012,0.461919473647788,0.0772263027588821,5.21414242727088,0.984557899636192,0.345390593334589,20.9313244340246,122.273405264436,102.517159077647,0.26779509433639,-1322.01226920881,5.2141411472766,0.984558050755119,0.345392210571389,20.931370996338,NA,NA,NA,NA
"238","57_1",6.19284712724531,0.226469839319825,0.0642390214231075,6.14326698599207,1.01599038672294,0.404342566552047,40.6719205530533,NA,NA,NA,NA,6.14327157523453,1.01599064079549,0.404334363365929,40.6717075161824,NA,NA,NA,NA
"239","58_1",5.24219041685158,0.0533743440569835,0.0390858624378141,5.2182307193543,0.973198251617471,0.139605942772455,90.8973060401651,NA,NA,NA,NA,5.21823046650086,0.973197887121751,0.139605976930534,90.8972956619443,NA,NA,NA,NA
"240","59_1",1.00791390369758,1.00791443317438,-0.0138500763314052,1.00799965173224,1.0086406090807,4.86975175020465e-06,615.208214375725,3.10636499605194,2.74000316030033,6.25998567838493e-06,-7198.80745398343,NA,NA,NA,NA,NA,NA,NA,NA
"241","6_1",-1.97203014736087,-4.46139066852256,0.143049786084749,-2.00837508919228,-3.2114584642814,0.0993053298120964,-4.4725885971159,0.149624263511976,0.02372361168586,0.38501163185318,7.01520337797709,-1.97305262159612,-4.32573308195121,0.566943739004116,-1.53352641569286,-10.010007160396,-2.58594946457842,-1.68120377896604e-06,29.5196764300497
"242","60_1",4.82187235033205,0.872536348241941,0.0618455282924254,4.83230390029687,0.7067808603657,0.180730794412404,2.35740829117811,85.4023716101027,61.1815466788294,0.12824836743071,-896.087085746672,4.83230263594188,0.706794390327462,0.180731604203096,2.35769879661976,NA,NA,NA,NA
"243","61_1",5.12044718561263,1.33430720859574,0.0573770361596033,5.19646471611204,-9.84605925541729,0.451364514876687,-59.0232600338942,NA,NA,NA,NA,5.19551848857429,-1958.29526269192,55.8413167902242,-211.001316623542,NA,NA,NA,NA
"244","62_1",5.32131015276222,0.862422187063134,0.14385967899607,5.46480444033282,1.53941627705297,0.120579725581352,-15.1991301692207,NA,NA,NA,NA,5.36519987456052,-681.91989812278,41.4324449723413,-83.6376855553027,NA,NA,NA,NA
"245","63_1",4.63288222253883,0.977944644564355,0.0141508790772158,4.6775010108367,0.588159611916804,0.0395147470630389,-9.95302739062906,114.49978535457,3.00436797251508,0.248230991071706,39.2276111105274,4.67749782760926,0.588174783764491,0.0395148475144975,-9.95181577098752,NA,NA,NA,NA
"246","64_1",526.072403797852,1.00639768347802,1.2893482468702e-05,1.01905547676316,1.00865680950978,0.000208160696292238,442.709625485154,12.348796005997,2.74084493159202,0.00933523101115691,971.259641399486,NA,NA,NA,NA,NA,NA,NA,NA
"247","65_1",5.87693871987032,0.64331847377183,0.0423986452259148,5.86103385623735,0.992168782917546,0.169688676067397,24.7779473390877,NA,NA,NA,NA,5.86103364940354,0.992169305623498,0.169688772406032,24.7779772324754,NA,NA,NA,NA
"248","66_1",5.70122808606094,0.930104197815893,0.0573761818052767,5.7696575416557,-35.3725417929614,1.02376388635859,-102.462012927312,NA,NA,NA,NA,5.77204600449585,-394.771534186874,9.69463438361184,-186.90287734065,NA,NA,NA,NA
"249","67_1",6.00881116283795,0.947833208163182,0.0750730743843316,6.03356907918744,-0.226416521037397,0.268995953089298,-7.19713501604079,NA,NA,NA,NA,6.03356906198986,-0.226415813837413,0.268995955320372,-7.19712804172989,NA,NA,NA,NA
"250","68_1",5.90837355891772,0.181205549358159,0.0140388239244396,5.75032236137413,1.09606624334241,0.0635364403623327,182.697401385517,NA,NA,NA,NA,5.7503197412792,1.09607289446076,0.0635367185921653,182.698096068586,NA,NA,NA,NA
"251","69_1",6.61560640387877,0.361458184521142,0.00913035862788013,6.33082272312495,0.942539993893264,0.0434287610146064,185.789143401996,NA,NA,NA,NA,6.33082199251238,0.942535588511933,0.0434286910652085,185.788419695593,NA,NA,NA,NA
"252","7_1",-0.937054736454483,-4.20444909195708,0.053992175169458,-0.888727390567421,-3.56208381203051,0.123962432998823,-14.9272021904292,0.458651800571151,0.00470233388411068,0.00144870590244938,-2735.63153257841,-1.01589988647932,-10.8456045133807,1.5745270522454,-10.47058653997,-1.03016349694102,-4.0981443610001,0.286326127832602,-2.35666543462238
"253","70_1",6.61486148606184,0.627272140360863,0.0804715529901078,6.60036200866358,1.05285558590741,0.351423204384195,13.569333978755,NA,NA,NA,NA,6.60036208788928,1.05285532802832,0.351423159713464,13.5693293704023,NA,NA,NA,NA
"254","71_1",1.02128222182464,1.0251855073896,0.0091458807130064,1.02502354222459,1.02152094692406,-4.51899214933859e-05,198.691323923282,2.77444140066923,2.78642287368622,4.47941096556591e-05,-112374.709565032,1.02313903066231,1.01914615199252,0.000623849261841923,1.16858314040854,NA,NA,NA,NA
"255","72_1",7387.33913623132,1.00606822166833,3.31948061586116e-05,1.047653282946,1.01214185016582,0.000167821874830898,352.390985506067,3.07209060628168,2.74801781275795,0.00637866093461053,818.549574045295,NA,NA,NA,NA,NA,NA,NA,NA
"256","73_1",6.50421881542087,0.731084223767016,0.0215212484762823,6.46820670181167,0.897384675667833,0.101180643889249,43.0748330422423,NA,NA,NA,NA,6.46819475170338,0.897384493134803,0.101183072594151,43.0760088756781,NA,NA,NA,NA
"257","74_1",6.09266700454109,0.842477842700712,0.0110362097334459,6.17530432926945,0.720765883916398,0.0406082344885106,30.6053294804105,NA,NA,NA,NA,6.17530437697564,0.72076537003442,0.0406082333484976,30.6052883590704,NA,NA,NA,NA
"258","75_1",5.67497578845569,0.545597499622133,0.0893197936337158,5.54909374897969,1.00897075120225,0.466457321517192,17.7117180292621,167.405452173212,30.137877101706,0.688732396739974,-810.222024109968,5.54909302623046,1.00897081314764,0.466458313710831,17.7117371146582,NA,NA,NA,NA
"259","76_1",5.53128463759086,0.476728725959439,0.0711256212683807,5.83171321414591,1.49411616596358,0.0871496088889624,-10.2576783432205,NA,NA,NA,NA,5.49579750593093,0.969076673628971,0.29779152814796,22.0989972543515,NA,NA,NA,NA
"260","77_1",0.994559310599457,0.994866639514825,-0.0055335603445903,0.994707221905339,1.00088194383568,0.000194781783019821,400.354515055628,2.69424197138708,2.7036009308051,-5.2258545483799e-05,59710.6436556257,NA,NA,NA,NA,NA,NA,NA,NA
"261","78_1",6.18057920991628,0.770527257498901,0.0247478711614097,6.19335672856735,0.830875824495522,0.0961692427308516,24.493599826922,NA,NA,NA,NA,6.19335636716912,0.830880994040685,0.096169385381963,24.4938681234566,NA,NA,NA,NA
"262","79_1",5.03137049704256,0.298577445455512,0.0141780135636418,4.9864395011966,0.992486124134402,0.0477201000522322,126.163036158257,133.689217176408,3.96554896695904,0.588836697286471,200.771061658274,4.98643947669909,0.992486047220556,0.0477200996682807,126.163027583868,NA,NA,NA,NA
"263","8_1",-2.05686178206229,-4.41310536980412,0.00521817173580377,-2.10068746193947,-84.1599430844267,0.554014665152754,-584.441693282007,0.120060747712284,0.0201750317651691,0.0113805973609775,156.132561781492,NA,NA,NA,NA,-2.09613449289433,-4.38454249566661,0.00795552148998011,-170.142526487889
"264","80_1",6.85497618778608,0.593463641671759,0.0886329107066697,6.84240831115677,1.01209411910846,0.435858293752366,14.0880313155198,NA,NA,NA,NA,6.84240972810518,1.01209235023724,0.435854623010916,14.0879141486323,NA,NA,NA,NA
"265","81_1",6.69662806757927,0.0310737551621564,0.0931516125951164,6.68147169317328,1.00094277884215,0.431438753186679,45.430445925492,NA,NA,NA,NA,6.68147167866693,1.00094277465752,0.431438767653896,45.4304459840565,NA,NA,NA,NA
"266","82_1",1.01565606498753,1.00758794436136,0.00559444504956113,1.01527877528633,1.00960315746005,0.000101882103075637,143.294833462055,NA,NA,NA,NA,NA,NA,NA,NA,NA,NA,NA,NA
"267","83_1",5.19219371830861,1.03387006148166,0.0273871229046314,5.25127100219877,0.0995355528718686,0.0861876326291871,-21.1743779688894,184.419973020192,2.74500317147756,1.07187952056169,43.2238794376206,5.25127113826502,0.0995320880151753,0.0861876435099362,-21.1744796751152,NA,NA,NA,NA
"268","84_1",-2.05541411377079,-5.60511562831261,0.0192527608285428,-2.05921542087999,-3.59569223505378,0.0169478351261125,-25.6436966686406,0.132388588602879,0.0125424839208622,0.0497092489871091,64.2584665348499,NA,NA,NA,NA,-2.05416151419711,-5.80677651437028,0.0292077573900966,-83.7487897931165
"269","85_1",-1.28746770579485,-5.95723285624933,0.021745282246169,-1.35476388716808,-5.37149541628608,0.201920249706093,-8.82095882526367,0.26396863532862,-0.00223978772626874,0.0394170909898008,25.2472904161133,-1.40653600547812,-863.111291610662,48.4190888707332,-95.2445207333487,-1.40191723876785,-6.14894671493787,0.0862147499177752,-27.0899833158235
"270","86_1",-1.34482841072755,-15.8353398167108,0.0646130066742126,-1.2955316839532,-6.64882997876785,0.344441372793996,-9.14716535986416,0.262299608185313,-0.0169438620936737,0.0555419134776121,5.75271799152279,-1.57233067670809,-3056.86863190856,786.739430960606,-21.6685169138853,-3.2353754442709,8.8309802086649,1.80994775380305,-45.5536664930078
"271","87_1",-5.47554802944681,-5.53157389844525,-0.00425464955809779,-5.60190757129765,-6.4109596976572,-0.0253023161509744,526.173076661901,NA,NA,NA,NA,NA,NA,NA,NA,-5.55608338199348,-5.55663405043556,-0.0154233438955433,-0.0213981014660101
"272","88_1",-1.40585801610784,-6.83869629319839,0.00618308963001861,-1.542687977524,-5.44876860755828,0.061330433382405,-14.1482565375564,0.218700633561782,-0.00251743180819524,0.014042987414022,100.305685515321,-1.57184479266623,-492.838767471516,7.19926665900917,-327.559846956749,-1.57989433044228,-7.78423360293033,0.023411927459212,-154.067028398196
"273","89_1",-1.2697794214862,-6.48129983181294,0.0277242120360932,-1.48858395433593,-17.3109230273834,1.6326381351456,-16.5719063720287,0.316425276223408,0.00260313259681213,0.0297848122085265,30.7684620686164,-1.47186869953338,-690.259454103267,63.0839334055681,-55.0374207091334,-3.2031219971667,-0.160196567995537,1.47401089460023,-164.314502074354
"274","9_1",-1.96237021855705,-44.9541711082749,0.199868229592975,-2.01930586398606,-3.17351131066846,0.0179166689846346,-23.4652440019288,NA,NA,NA,NA,-1.98072052115522,-2431.74772937797,869.372816472655,-15.8922763827141,-1.96832053724197,-27.8561532856813,0.54822766108822,-40.3370668173787
"275","90_1",-1.09880640474503,-5.78447606711588,0.0561561331811405,-1.10119476850458,-4.30608261820868,0.281614171891621,-5.09603248388795,0.323434484432167,-0.0101237249646219,0.0922124252622444,5.65969301427857,-1.18216445235451,-495.505881164174,78.8261813669071,-30.4788360002458,-1.18187943351314,-5.70790516894689,0.28200751469888,-6.41864731101017
"276","91_1",-529999.085243811,-5.45015112292461,0.000665621309326383,-6.39056470977656,-8.15811601524873,-0.0692280202008738,429.002162994278,NA,NA,NA,NA,-7.82330851837275,-6.39201989514463,-0.0409358904907339,346.386187406208,-5.09360479006709,-5.74783658831784,-0.00451124347650192,4.55836673542045
"277","92_1",-1.11805974533606,-4.15903626634351,0.0122518595432846,-1.09586657303024,-2.2869532481243,0.0112443849009461,-28.7336113920709,0.317372429082622,0.0434974069922658,0.0440944562078266,62.6080163814111,NA,NA,NA,NA,-1.14523346761396,-3.46571716217145,0.0346124858219743,-7.48868549619965
"278","93_1",-1.16569163509248,-5.44461998075295,0.0203585196256282,-1.26964712416326,-43.1324803628065,2.09445720063169,-57.2467155583685,0.318624439247292,0.00932892292713983,0.0303300134601178,30.7948965677299,-1.2686835562646,-1131.85554994997,55.4258259108992,-115.982111412495,-1.133147322546,-20.7705097927251,0.0243162668494608,-782.188682816251
"279","94_1",-1.25615046525619,-5.97633957656739,0.0615535833249896,-1.15017264333227,-4.29224505184741,0.152454606907042,-12.469281906548,0.316170655279563,0.0134139468193222,0.0401264928753751,6.86773106643245,-1.34118420722701,-1309.57585612428,192.662293111981,-38.9945123239426,-2.35968811211358,3.89668117088806,3.74155775078887,-30.4976247478863
"280","95_1",-1.03216811751487,-6.05891995771402,0.00245610101357293,-1.30922683726811,-248.876975121991,1.76766839647158,-606.665857002699,0.3006505154704,-0.0127513992517358,0.00583617775198384,152.977831914897,NA,NA,NA,NA,-1.29561776332804,-17.1653053057991,0.00952814539375966,-1458.4851269768
"281","96_1",-0.634215606143878,-4.25043761229012,0.0109932560192102,-0.622262811762328,-2.42326819290926,0.0229326949103416,-14.0455438008172,0.543487464716012,0.0570612816280324,0.0655646211170077,60.8373633772795,-43.9851195063962,-0.639519377166732,0.278984093192937,-1.18641912128906,-0.636598111921746,-3.65388953437426,0.036491678331033,-31.4252082014216
"282","97_1",-0.287730683697088,-4.71023663739618,0.0120522482131372,-0.350395447713642,-3.36203590655885,0.134592358714231,-9.11743720394323,0.664804337366687,0.00603227503839849,0.0933149068591352,12.4491905864639,-0.460197950389296,-307.262018175725,32.0837493124683,-43.3764750954407,-0.447895479134676,-4.75117947137577,0.139827883083915,-15.887450970666
"283","98_1",-0.054810102641867,-4.47584711916146,0.00316335845205247,-0.235258070218415,-3.4157091685733,0.225927483042515,-6.68643936087355,0.743388477436773,0.00529107984928047,0.212258107671691,8.54985775313209,-0.296939763667257,-117.74974933353,16.8118319770438,-25.8161218620727,-0.30649607050466,-4.34238136341853,0.282059186147721,-4.35215876499863
"284","99_1",-0.380077865267554,-4.38751853715527,0.000761075715377832,-0.872033869899951,-205.965919257677,1.10920059223811,-808.897081011189,0.423654862159763,0.0119053749618082,0.0070383648155473,199.465856819538,NA,NA,NA,NA,-0.865851397846252,-4.4755373895724,0.00717462694872676,-276.151315342626
